{
  "type": "oritech:resource_node",
  "config": {
    "nodeSize": 6,
    "nodeOreChance": 0.3,
    "boulderRadius": 3,
    "nodeOres": [
      "oritech:resource_node_gold",
      "oritech:resource_node_lapis",
      "oritech:resource_node_lapis",
      "oritech:resource_node_redstone",
      "oritech:resource_node_redstone",
      "oritech:resource_node_redstone"
    ],
    "boulderOres": [
      "minecraft:deepslate_gold_ore",
      "minecraft:deepslate_lapis_ore",
      "minecraft:deepslate_redstone_ore",
      "minecraft:deepslate",
      "minecraft:deepslate",
      "minecraft:deepslate",
      "minecraft:deepslate",
      "minecraft:deepslate"
    ],
    "overlayBlock": "pneumaticcraft:oil",
    "overlayHeight": 5
  }
}