{
  "target": "cobblemon:dwebble",
  "implemented": true,
  "name": "Dwebble",
  "forms": [
    {
      "implemented": true,
      "name": "Underbrick",
      "nationalPokedexNumber": 557,
      "primaryType": "bug",
      "secondaryType": "rock",
      "abilities": [
        "sturdy",
        "shellarmor",
        "h:weakarmor"
      ],
      "drops": {
        "amount": 1,
        "entries": [
          {
            "item": "twilightforest:underbrick",
            "percentage": 80.0
          }
        ]
      },
      "baseStats": {
        "hp": 50,
        "attack": 65,
        "defence": 35,
        "special_attack": 35,
        "special_defence": 85,
        "speed": 55
      },
      "catchRate": 190,
      "maleRatio": 0.5,
      "shoulderMountable": false,
      "baseExperienceYield": 65,
      "experienceGroup": "medium_fast",
      "eggCycles": 20,
      "eggGroups": [
        "bug",
        "mineral"
      ],
      "moves": [
        "1:furycutter",
        "1:sandattack",
        "4:withdraw",
        "8:smackdown",
        "12:bugbite",
        "13:feintattack",
        "16:flail",
        "20:slash",
        "24:rockslide",
        "28:stealthrock",
        "32:rockblast",
        "36:xscissor",
        "38:recycle",
        "40:rockpolish",
        "44:shellsmash",
        "48:rockwrecker",
        "egg:block",
        "egg:counter",
        "egg:curse",
        "egg:endure",
        "egg:irondefense",
        "egg:knockoff",
        "egg:nightslash",
        "egg:rototiller",
        "egg:sandtomb",
        "egg:spikes",
        "egg:wideguard",
        "tm:aerialace",
        "tm:attract",
        "tm:bulldoze",
        "tm:confide",
        "tm:cut",
        "tm:dig",
        "tm:doubleteam",
        "tm:earthquake",
        "tm:endure",
        "tm:facade",
        "tm:frustration",
        "tm:hiddenpower",
        "tm:honeclaws",
        "tm:irondefense",
        "tm:naturepower",
        "tm:poisonjab",
        "tm:protect",
        "tm:rest",
        "tm:return",
        "tm:rockblast",
        "tm:rockpolish",
        "tm:rockslide",
        "tm:rocksmash",
        "tm:rocktomb",
        "tm:round",
        "tm:sandstorm",
        "tm:sandtomb",
        "tm:secretpower",
        "tm:shadowclaw",
        "tm:sleeptalk",
        "tm:smackdown",
        "tm:snore",
        "tm:solarbeam",
        "tm:spikes",
        "tm:stealthrock",
        "tm:stoneedge",
        "tm:strength",
        "tm:strugglebug",
        "tm:substitute",
        "tm:swagger",
        "tm:swordsdance",
        "tm:toxic",
        "tm:xscissor",
        "tutor:block",
        "tutor:bugbite",
        "tutor:irondefense",
        "tutor:knockoff",
        "tutor:skittersmack",
        "tutor:sleeptalk",
        "tutor:snore",
        "tutor:stealthrock"
      ],
      "labels": [
        "gen5"
      ],
      "pokedex": [
        "cobblemon.species.crustle-twilight.desc"
      ],
      "aspects": [
        "brick-underbrick"
      ],
      "evolutions": [
        {
          "id": "dwebble_crustle_underbrick",
          "variant": "level_up",
          "result": "crustle brick=underbrick",
          "consumeHeldItem": false,
          "learnableMoves": [],
          "requirements": [
            {
              "variant": "level",
              "minLevel": 34
            }
          ]
        },
        {
          "id": "dwebble_transform_mazestone",
          "variant": "item_interact",
          "result": "dwebble brick=mazestone",
          "consumeHeldItem": false,
          "learnableMoves": [],
          "requirements": [],
          "requiredContext": "twilightforest:mazestone_brick"
        }
      ],
      "baseScale": 0.8,
      "hitbox": {
        "width": 0.9,
        "height": 0.7,
        "fixed": false
      },
      "baseFriendship": 50,
      "evYield": {
        "hp": 0,
        "attack": 0,
        "defence": 0,
        "special_attack": 0,
        "special_defence": 1,
        "speed": 0
      },
      "height": 3,
      "weight": 145,
      "cannotDynamax": false
    },
    {
      "implemented": true,
      "name": "Mazestone",
      "nationalPokedexNumber": 557,
      "primaryType": "bug",
      "secondaryType": "rock",
      "abilities": [
        "sturdy",
        "shellarmor",
        "h:solidrock"
      ],
      "drops": {
        "amount": 1,
        "entries": [
          {
            "item": "twilightforest:mazestone_brick",
            "percentage": 75.0
          }
        ]
      },
      "baseStats": {
        "hp": 50,
        "attack": 65,
        "defence": 85,
        "special_attack": 35,
        "special_defence": 85,
        "speed": 55
      },
      "catchRate": 190,
      "maleRatio": 0.5,
      "shoulderMountable": false,
      "baseExperienceYield": 65,
      "experienceGroup": "medium_fast",
      "eggCycles": 20,
      "eggGroups": [
        "bug",
        "mineral"
      ],
      "moves": [
        "1:furycutter",
        "1:sandattack",
        "4:withdraw",
        "8:smackdown",
        "12:bugbite",
        "13:feintattack",
        "16:flail",
        "20:slash",
        "24:rockslide",
        "28:stealthrock",
        "32:rockblast",
        "36:xscissor",
        "38:recycle",
        "40:rockpolish",
        "44:shellsmash",
        "48:rockwrecker",
        "egg:block",
        "egg:counter",
        "egg:curse",
        "egg:endure",
        "egg:irondefense",
        "egg:knockoff",
        "egg:nightslash",
        "egg:rototiller",
        "egg:sandtomb",
        "egg:spikes",
        "egg:wideguard",
        "tm:aerialace",
        "tm:attract",
        "tm:bulldoze",
        "tm:confide",
        "tm:cut",
        "tm:dig",
        "tm:doubleteam",
        "tm:earthquake",
        "tm:endure",
        "tm:facade",
        "tm:frustration",
        "tm:hiddenpower",
        "tm:honeclaws",
        "tm:irondefense",
        "tm:naturepower",
        "tm:poisonjab",
        "tm:protect",
        "tm:rest",
        "tm:return",
        "tm:rockblast",
        "tm:rockpolish",
        "tm:rockslide",
        "tm:rocksmash",
        "tm:rocktomb",
        "tm:round",
        "tm:sandstorm",
        "tm:sandtomb",
        "tm:secretpower",
        "tm:shadowclaw",
        "tm:sleeptalk",
        "tm:smackdown",
        "tm:snore",
        "tm:solarbeam",
        "tm:spikes",
        "tm:stealthrock",
        "tm:stoneedge",
        "tm:strength",
        "tm:strugglebug",
        "tm:substitute",
        "tm:swagger",
        "tm:swordsdance",
        "tm:toxic",
        "tm:xscissor",
        "tutor:block",
        "tutor:bugbite",
        "tutor:irondefense",
        "tutor:knockoff",
        "tutor:skittersmack",
        "tutor:sleeptalk",
        "tutor:snore",
        "tutor:stealthrock"
      ],
      "labels": [
        "gen5"
      ],
      "pokedex": [
        "cobblemon.species.crustle-twilight.desc"
      ],
      "aspects": [
        "brick-mazestone"
      ],
      "evolutions": [
        {
          "id": "dwebble_crustle_mazestone",
          "variant": "level_up",
          "result": "crustle brick=mazestone",
          "consumeHeldItem": false,
          "learnableMoves": [],
          "requirements": [
            {
              "variant": "level",
              "minLevel": 34
            }
          ]
        }
      ],
      "baseScale": 0.8,
      "hitbox": {
        "width": 0.9,
        "height": 0.7,
        "fixed": false
      },
      "baseFriendship": 50,
      "evYield": {
        "hp": 0,
        "attack": 0,
        "defence": 0,
        "special_attack": 0,
        "special_defence": 1,
        "speed": 0
      },
      "height": 3,
      "weight": 145,
      "cannotDynamax": false
    }
  ]
}