{
	"credit": "Made with Blockbench",
	"parent": "item/fake_generated",
	"textures": {
		"0": "friendsandfoes:item/buttercup",
		"particle": "friendsandfoes:item/buttercup"
	},
	"elements": [
		{
			"name": "buttercup_0",
			"from": [8, 3, 7.5],
			"to": [9, 12, 8.5],
			"rotation": {"angle": 0, "axis": "y", "origin": [8, 3, 7.5]},
			"faces": {
				"north": {"uv": [7, 4, 8, 13], "texture": "#0"},
				"east": {"uv": [7, 4, 8, 13], "texture": "#0"},
				"south": {"uv": [7, 4, 8, 13], "texture": "#0"},
				"west": {"uv": [7, 4, 8, 13], "texture": "#0"},
				"up": {"uv": [8, 4, 9, 5], "texture": "#0"},
				"down": {"uv": [7, 12, 8, 13], "texture": "#0"}
			}
		},
		{
			"name": "buttercup_1",
			"from": [7, 4, 7.5],
			"to": [8, 12, 8.5],
			"rotation": {"angle": 0, "axis": "y", "origin": [7, 3, 7.5]},
			"faces": {
				"north": {"uv": [8, 4, 9, 12], "texture": "#0"},
				"east": {"uv": [8, 4, 9, 12], "texture": "#0"},
				"south": {"uv": [8, 4, 9, 12], "texture": "#0"},
				"west": {"uv": [8, 4, 9, 12], "texture": "#0"},
				"up": {"uv": [8, 4, 9, 5], "texture": "#0"},
				"down": {"uv": [8, 11, 9, 12], "texture": "#0"}
			}
		},
		{
			"name": "buttercup_2",
			"from": [6, 6, 7.5],
			"to": [7, 11, 8.5],
			"rotation": {"angle": 0, "axis": "y", "origin": [6, 3, 7.5]},
			"faces": {
				"north": {"uv": [9, 5, 10, 10], "texture": "#0"},
				"east": {"uv": [9, 5, 10, 10], "texture": "#0"},
				"south": {"uv": [9, 5, 10, 10], "texture": "#0"},
				"west": {"uv": [9, 5, 10, 10], "texture": "#0"},
				"up": {"uv": [9, 5, 10, 6], "texture": "#0"},
				"down": {"uv": [9, 9, 10, 10], "texture": "#0"}
			}
		},
		{
			"name": "buttercup_3",
			"from": [5, 7, 7.5],
			"to": [6, 10, 8.5],
			"rotation": {"angle": 0, "axis": "y", "origin": [5, 3, 7.5]},
			"faces": {
				"north": {"uv": [10, 6, 11, 8], "texture": "#0"},
				"east": {"uv": [10, 6, 11, 8], "texture": "#0"},
				"south": {"uv": [10, 6, 11, 8], "texture": "#0"},
				"west": {"uv": [10, 6, 11, 8], "texture": "#0"},
				"up": {"uv": [10, 6, 11, 7], "texture": "#0"},
				"down": {"uv": [10, 7, 11, 8], "texture": "#0"}
			}
		},
		{
			"name": "buttercup_4",
			"from": [9, 4, 7.5],
			"to": [10, 11, 8.5],
			"rotation": {"angle": 0, "axis": "y", "origin": [9, 3, 7.5]},
			"faces": {
				"north": {"uv": [6, 5, 7, 12], "texture": "#0"},
				"east": {"uv": [6, 5, 7, 12], "texture": "#0"},
				"south": {"uv": [6, 5, 7, 12], "texture": "#0"},
				"west": {"uv": [6, 5, 7, 12], "texture": "#0"},
				"up": {"uv": [6, 5, 7, 6], "texture": "#0"},
				"down": {"uv": [6, 11, 7, 12], "texture": "#0"}
			}
		},
		{
			"name": "buttercup_5",
			"from": [10, 6, 7.5],
			"to": [11, 10, 8.5],
			"rotation": {"angle": 0, "axis": "y", "origin": [10, 3, 7.5]},
			"faces": {
				"north": {"uv": [5, 6, 6, 10], "texture": "#0"},
				"east": {"uv": [5, 6, 6, 10], "texture": "#0"},
				"south": {"uv": [5, 6, 6, 10], "texture": "#0"},
				"west": {"uv": [5, 6, 6, 10], "texture": "#0"},
				"up": {"uv": [5, 6, 6, 7], "texture": "#0"},
				"down": {"uv": [5, 9, 6, 10], "texture": "#0"}
			}
		}
	],
	"groups": [
		{
			"name": "buttercup",
			"origin": [8, 0, 7.5],
			"color": 0,
			"children": [0, 1, 2, 3, 4, 5]
		}
	]
}