{
	"credit": "Made with Blockbench",
	"parent": "item/fake_generated",
	"textures": {
		"0": "friendsandfoes:item/copper_golem_spawn_egg"
	},
	"elements": [
		{
			"name": "copper_golem_spawn_egg_0",
			"from": [5.5, 0, 7.5],
			"to": [10.5, 16, 8.5],
			"rotation": {"angle": 0, "axis": "y", "origin": [7.5, 0, 7.5]},
			"faces": {
				"north": {"uv": [11, 1, 6, 15], "texture": "#0"},
				"east": {"uv": [10, 1, 11, 15], "texture": "#0"},
				"south": {"uv": [6, 1, 11, 15], "texture": "#0"},
				"west": {"uv": [6, 1, 7, 15], "texture": "#0"},
				"up": {"uv": [6, 1, 11, 2], "texture": "#0"},
				"down": {"uv": [6, 14, 11, 15], "texture": "#0"}
			}
		},
		{
			"name": "copper_golem_spawn_egg_1",
			"from": [10.5, 0, 7.5],
			"to": [11.5, 13, 8.5],
			"rotation": {"angle": 0, "axis": "y", "origin": [8.5, 0, 7.5]},
			"faces": {
				"north": {"uv": [11, 4, 12, 15], "texture": "#0"},
				"east": {"uv": [11, 4, 12, 15], "texture": "#0"},
				"south": {"uv": [11, 4, 12, 15], "texture": "#0"},
				"west": {"uv": [11, 4, 12, 15], "texture": "#0"},
				"up": {"uv": [11, 4, 12, 5], "texture": "#0"},
				"down": {"uv": [11, 14, 12, 15], "texture": "#0"}
			}
		},
		{
			"name": "copper_golem_spawn_egg_2",
			"from": [4.5, 0, 7.5],
			"to": [5.5, 13, 8.5],
			"rotation": {"angle": 0, "axis": "y", "origin": [2.5, 0, 7.5]},
			"faces": {
				"north": {"uv": [5, 4, 6, 15], "texture": "#0"},
				"east": {"uv": [5, 4, 6, 15], "texture": "#0"},
				"south": {"uv": [5, 4, 6, 15], "texture": "#0"},
				"west": {"uv": [5, 4, 6, 15], "texture": "#0"},
				"up": {"uv": [5, 4, 6, 5], "texture": "#0"},
				"down": {"uv": [5, 14, 6, 15], "texture": "#0"}
			}
		},
		{
			"name": "copper_golem_spawn_egg_3",
			"from": [3.5, 1, 7.5],
			"to": [4.5, 9, 8.5],
			"rotation": {"angle": 0, "axis": "y", "origin": [1.5, 0, 7.5]},
			"faces": {
				"north": {"uv": [4, 8, 5, 14], "texture": "#0"},
				"east": {"uv": [4, 8, 5, 14], "texture": "#0"},
				"south": {"uv": [4, 8, 5, 14], "texture": "#0"},
				"west": {"uv": [4, 8, 5, 14], "texture": "#0"},
				"up": {"uv": [4, 8, 5, 9], "texture": "#0"},
				"down": {"uv": [4, 13, 5, 14], "texture": "#0"}
			}
		},
		{
			"name": "copper_golem_spawn_egg_4",
			"from": [11.5, 1, 7.5],
			"to": [12.5, 9, 8.5],
			"rotation": {"angle": 0, "axis": "y", "origin": [9.5, 0, 7.5]},
			"faces": {
				"north": {"uv": [12, 8, 13, 14], "texture": "#0"},
				"east": {"uv": [12, 8, 13, 14], "texture": "#0"},
				"south": {"uv": [12, 8, 13, 14], "texture": "#0"},
				"west": {"uv": [12, 8, 13, 14], "texture": "#0"},
				"up": {"uv": [12, 8, 13, 9], "texture": "#0"},
				"down": {"uv": [12, 13, 13, 14], "texture": "#0"}
			}
		}
	],
	"groups": [
		{
			"name": "copper_golem_spawn_egg",
			"origin": [7.5, 0, 7.5],
			"color": 0,
			"children": [0, 1, 2, 3, 4]
		}
	]
}