{
	"credit": "Made with Blockbench",
	"parent": "item/fake_generated",
	"textures": {
		"0": "friendsandfoes:item/crab_spawn_egg"
	},
	"elements": [
		{
			"name": "crab_spawn_egg_0",
			"from": [0, 4, 7.5],
			"to": [16, 8, 8.5],
			"rotation": {"angle": 0, "axis": "y", "origin": [1, 7, 7.5]},
			"faces": {
				"north": {"uv": [16, 7, 0, 12], "texture": "#0"},
				"east": {"uv": [16, 7, 15, 12], "texture": "#0"},
				"south": {"uv": [0, 7, 16, 12], "texture": "#0"},
				"west": {"uv": [1, 7, 0, 12], "texture": "#0"},
				"up": {"uv": [0, 7, 16, 8], "texture": "#0"},
				"down": {"uv": [0, 11, 16, 12], "texture": "#0"}
			}
		},
		{
			"name": "crab_spawn_egg_1",
			"from": [1, 3, 7.5],
			"to": [13, 4, 8.5],
			"rotation": {"angle": 0, "axis": "y", "origin": [1, 7, 7.5]},
			"faces": {
				"north": {"uv": [13, 12, 1, 13], "texture": "#0"},
				"east": {"uv": [2, 12, 1, 13], "texture": "#0"},
				"south": {"uv": [1, 12, 13, 13], "texture": "#0"},
				"west": {"uv": [13, 12, 12, 13], "texture": "#0"},
				"up": {"uv": [1, 0, 0, 1], "texture": "#0"},
				"down": {"uv": [13, 12, 12, 13], "texture": "#0"}
			}
		},
		{
			"name": "crab_spawn_egg_2",
			"from": [1, 2, 7.5],
			"to": [6, 3, 8.5],
			"rotation": {"angle": 0, "axis": "y", "origin": [1, 6, 7.5]},
			"faces": {
				"north": {"uv": [6, 13, 1, 14], "texture": "#0"},
				"east": {"uv": [6, 13, 5, 14], "texture": "#0"},
				"south": {"uv": [6, 13, 1, 14], "texture": "#0"},
				"west": {"uv": [2, 13, 1, 14], "texture": "#0"},
				"up": {"uv": [1, 0, 0, 1], "texture": "#0"},
				"down": {"uv": [1, 0, 0, 1], "texture": "#0"}
			}
		},
		{
			"name": "crab_spawn_egg_3",
			"from": [7, 2, 7.5],
			"to": [13, 3, 8.5],
			"rotation": {"angle": 0, "axis": "y", "origin": [8, 6, 7.5]},
			"faces": {
				"north": {"uv": [13, 13, 7, 14], "texture": "#0"},
				"east": {"uv": [13, 13, 12, 14], "texture": "#0"},
				"south": {"uv": [13, 13, 7, 14], "texture": "#0"},
				"west": {"uv": [8, 13, 7, 14], "texture": "#0"},
				"up": {"uv": [1, 0, 0, 1], "texture": "#0"},
				"down": {"uv": [1, 0, 0, 1], "texture": "#0"}
			}
		},
		{
			"name": "crab_spawn_egg_4",
			"from": [2, 8, 7.5],
			"to": [5, 9, 8.5],
			"rotation": {"angle": 0, "axis": "y", "origin": [3, 12, 7.5]},
			"faces": {
				"north": {"uv": [5, 6, 2, 7], "texture": "#0"},
				"east": {"uv": [5, 6, 4, 7], "texture": "#0"},
				"south": {"uv": [5, 6, 2, 7], "texture": "#0"},
				"west": {"uv": [3, 6, 2, 7], "texture": "#0"},
				"up": {"uv": [5, 6, 2, 7], "texture": "#0"},
				"down": {"uv": [5, 6, 2, 7], "texture": "#0"}
			}
		},
		{
			"name": "crab_spawn_egg_5",
			"from": [7, 8, 7.5],
			"to": [16, 9, 8.5],
			"rotation": {"angle": 0, "axis": "y", "origin": [8, 12, 7.5]},
			"faces": {
				"north": {"uv": [16, 6, 7, 7], "texture": "#0"},
				"east": {"uv": [16, 6, 15, 7], "texture": "#0"},
				"south": {"uv": [7, 6, 16, 7], "texture": "#0"},
				"west": {"uv": [8, 6, 7, 7], "texture": "#0"},
				"up": {"uv": [7, 6, 16, 7], "texture": "#0"},
				"down": {"uv": [16, 6, 7, 7], "texture": "#0"}
			}
		},
		{
			"name": "crab_spawn_egg_6",
			"from": [9, 9, 7.5],
			"to": [16, 10, 8.5],
			"rotation": {"angle": 0, "axis": "y", "origin": [8, 13, 7.5]},
			"faces": {
				"north": {"uv": [16, 5, 9, 6], "texture": "#0"},
				"east": {"uv": [16, 5, 15, 6], "texture": "#0"},
				"south": {"uv": [16, 5, 9, 6], "texture": "#0"},
				"west": {"uv": [10, 5, 9, 6], "texture": "#0"},
				"up": {"uv": [16, 5, 9, 6], "texture": "#0"},
				"down": {"uv": [16, 5, 9, 6], "texture": "#0"}
			}
		}
	],
	"groups": [
		{
			"name": "crab_spawn_egg",
			"origin": [23, 8, 15.5],
			"color": 0,
			"children": [0, 1, 2, 3, 4, 5, 6]
		}
	]
}