{
	"credit": "Made with Blockbench",
	"parent": "item/fake_generated",
	"textures": {
		"1": "friendsandfoes:item/glare_spawn_egg"
	},
	"elements": [
		{
			"name": "glare_spawn_egg_0",
			"from": [4, 3, 7.5],
			"to": [13, 15, 8.5],
			"rotation": {"angle": 0, "axis": "y", "origin": [0, -1, 0]},
			"faces": {
				"north": {"uv": [13, 1, 4, 13], "texture": "#1"},
				"east": {"uv": [12, 1, 13, 13], "texture": "#1"},
				"south": {"uv": [4, 1, 13, 13], "texture": "#1"},
				"west": {"uv": [4, 1, 5, 13], "texture": "#1"},
				"up": {"uv": [4, 1, 13, 2], "texture": "#1"},
				"down": {"uv": [4, 12, 13, 13], "texture": "#1"}
			}
		},
		{
			"name": "glare_spawn_egg_1",
			"from": [2, 12, 7.5],
			"to": [4, 15, 8.5],
			"rotation": {"angle": 0, "axis": "y", "origin": [-1, 1, 0]},
			"faces": {
				"north": {"uv": [4, 1, 2, 4], "texture": "#1"},
				"east": {"uv": [3, 1, 4, 4], "texture": "#1"},
				"south": {"uv": [2, 1, 4, 4], "texture": "#1"},
				"west": {"uv": [2, 1, 3, 4], "texture": "#1"},
				"up": {"uv": [2, 1, 4, 2], "texture": "#1"},
				"down": {"uv": [2, 3, 4, 4], "texture": "#1"}
			}
		},
		{
			"name": "glare_spawn_egg_2",
			"from": [2, 5, 7.5],
			"to": [4, 8, 8.5],
			"rotation": {"angle": 0, "axis": "y", "origin": [0, -1, 0]},
			"faces": {
				"north": {"uv": [4, 8, 2, 11], "texture": "#1"},
				"east": {"uv": [3, 8, 4, 11], "texture": "#1"},
				"south": {"uv": [2, 8, 4, 11], "texture": "#1"},
				"west": {"uv": [2, 8, 3, 11], "texture": "#1"},
				"up": {"uv": [2, 8, 4, 9], "texture": "#1"},
				"down": {"uv": [2, 10, 4, 11], "texture": "#1"}
			}
		},
		{
			"name": "glare_spawn_egg_3",
			"from": [13, 5, 7.5],
			"to": [14, 15, 8.5],
			"rotation": {"angle": 0, "axis": "y", "origin": [1, -1, 0]},
			"faces": {
				"north": {"uv": [14, 1, 13, 11], "texture": "#1"},
				"east": {"uv": [13, 1, 14, 11], "texture": "#1"},
				"south": {"uv": [13, 1, 14, 11], "texture": "#1"},
				"west": {"uv": [13, 1, 14, 11], "texture": "#1"},
				"up": {"uv": [13, 1, 14, 2], "texture": "#1"},
				"down": {"uv": [13, 10, 14, 11], "texture": "#1"}
			}
		},
		{
			"name": "glare_spawn_egg_4",
			"from": [6, 1, 7.5],
			"to": [12, 3, 8.5],
			"rotation": {"angle": 0, "axis": "y", "origin": [0, -1, 0]},
			"faces": {
				"north": {"uv": [12, 13, 6, 15], "texture": "#1"},
				"east": {"uv": [11, 13, 12, 15], "texture": "#1"},
				"south": {"uv": [6, 13, 12, 15], "texture": "#1"},
				"west": {"uv": [6, 13, 7, 15], "texture": "#1"},
				"up": {"uv": [6, 13, 12, 14], "texture": "#1"},
				"down": {"uv": [6, 14, 12, 15], "texture": "#1"}
			}
		},
		{
			"name": "glare_spawn_egg_5",
			"from": [3, 8, 7.5],
			"to": [4, 12, 8.5],
			"rotation": {"angle": 0, "axis": "y", "origin": [-9, -1, 0]},
			"faces": {
				"north": {"uv": [4, 4, 3, 8], "texture": "#1"},
				"east": {"uv": [3, 4, 4, 9], "texture": "#1"},
				"south": {"uv": [3, 4, 4, 8], "texture": "#1"},
				"west": {"uv": [3, 4, 4, 8], "texture": "#1"},
				"up": {"uv": [3, 4, 4, 5], "texture": "#1"},
				"down": {"uv": [3, 7, 4, 8], "texture": "#1"}
			}
		}
	],
	"groups": [
		{
			"name": "glare_spawn_egg",
			"origin": [8, 8, 8],
			"color": 0,
			"children": [0, 1, 2, 3, 4, 5]
		}
	]
}