{
	"credit": "Made with Blockbench",
	"parent": "item/fake_generated",
	"textures": {
		"0": "friendsandfoes:item/illusioner_spawn_egg"
	},
	"elements": [
		{
			"name": "witch_spawn_egg_0",
			"from": [5, 1, 7.5],
			"to": [11, 16, 8.5],
			"faces": {
				"north": {"uv": [11, 0, 5, 15], "texture": "#0"},
				"east": {"uv": [10, 0, 11, 15], "texture": "#0"},
				"south": {"uv": [5, 0, 11, 15], "texture": "#0"},
				"west": {"uv": [5, 0, 6, 15], "texture": "#0"},
				"up": {"uv": [5, 0, 11, 1], "texture": "#0"},
				"down": {"uv": [5, 14, 11, 15], "texture": "#0"}
			}
		},
		{
			"name": "witch_spawn_egg_1",
			"from": [4, 3, 7.5],
			"to": [5, 16, 8.5],
			"faces": {
				"north": {"uv": [5, 0, 4, 13], "texture": "#0"},
				"south": {"uv": [4, 0, 5, 13], "texture": "#0"},
				"west": {"uv": [4, 0, 5, 13], "texture": "#0"},
				"up": {"uv": [4, 0, 5, 1], "texture": "#0"},
				"down": {"uv": [4, 12, 5, 13], "texture": "#0"}
			}
		},
		{
			"name": "witch_spawn_egg_2",
			"from": [11, 3, 7.5],
			"to": [12, 16, 8.5],
			"faces": {
				"north": {"uv": [12, 0, 11, 13], "texture": "#0"},
				"east": {"uv": [11, 0, 12, 13], "texture": "#0"},
				"south": {"uv": [11, 0, 12, 13], "texture": "#0"},
				"up": {"uv": [11, 0, 12, 1], "texture": "#0"},
				"down": {"uv": [11, 12, 12, 13], "texture": "#0"}
			}
		},
		{
			"name": "witch_spawn_egg_3",
			"from": [3, 13, 7.5],
			"to": [4, 16, 8.5],
			"rotation": {"angle": 0, "axis": "y", "origin": [0, 1, 0]},
			"faces": {
				"north": {"uv": [4, 0, 3, 3], "texture": "#0"},
				"south": {"uv": [3, 0, 4, 3], "texture": "#0"},
				"west": {"uv": [3, 0, 4, 3], "texture": "#0"},
				"up": {"uv": [3, 0, 4, 1], "texture": "#0"},
				"down": {"uv": [3, 2, 4, 3], "texture": "#0"}
			}
		},
		{
			"name": "witch_spawn_egg_4",
			"from": [12, 13, 7.5],
			"to": [13, 16, 8.5],
			"rotation": {"angle": 0, "axis": "y", "origin": [0, 1, 0]},
			"faces": {
				"north": {"uv": [13, 0, 12, 3], "texture": "#0"},
				"east": {"uv": [12, 0, 13, 3], "texture": "#0"},
				"south": {"uv": [12, 0, 13, 3], "texture": "#0"},
				"up": {"uv": [12, 0, 13, 1], "texture": "#0"},
				"down": {"uv": [12, 2, 13, 3], "texture": "#0"}
			}
		},
		{
			"name": "witch_spawn_egg_5",
			"from": [3, 6, 7.5],
			"to": [4, 8, 8.5],
			"faces": {
				"north": {"uv": [4, 8, 3, 10], "texture": "#0"},
				"south": {"uv": [3, 8, 4, 10], "texture": "#0"},
				"west": {"uv": [3, 8, 4, 10], "texture": "#0"},
				"up": {"uv": [3, 8, 4, 9], "texture": "#0"},
				"down": {"uv": [3, 9, 4, 10], "texture": "#0"}
			}
		}
	],
	"groups": [
		{
			"name": "witch_spawn_egg",
			"origin": [8, 8, 8],
			"color": 0,
			"children": [0, 1, 2, 3, 4, 5]
		}
	]
}