{
	"credit": "Made with Blockbench",
	"parent": "item/fake_generated",
	"textures": {
		"0": "friendsandfoes:item/mauler_spawn_egg"
	},
	"elements": [
		{
			"name": "mauler_spawn_egg_0",
			"from": [2, 5, 7.5],
			"to": [14, 12, 8.5],
			"faces": {
				"north": {"uv": [14, 6, 2, 13], "texture": "#0"},
				"east": {"uv": [13, 6, 14, 13], "texture": "#0"},
				"south": {"uv": [2, 6, 14, 13], "texture": "#0"},
				"west": {"uv": [2, 6, 3, 13], "texture": "#0"},
				"up": {"uv": [2, 6, 14, 7], "texture": "#0"},
				"down": {"uv": [2, 12, 14, 13], "texture": "#0"}
			}
		},
		{
			"name": "mauler_spawn_egg_1",
			"from": [9, 3, 7.5],
			"to": [13, 5, 8.5],
			"rotation": {"angle": 0, "axis": "y", "origin": [0, -1, 0]},
			"faces": {
				"north": {"uv": [7, 13, 3, 15], "texture": "#0"},
				"east": {"uv": [6, 13, 7, 15], "texture": "#0"},
				"south": {"uv": [3, 13, 7, 15], "texture": "#0"},
				"west": {"uv": [3, 13, 4, 15], "texture": "#0"},
				"up": {"uv": [3, 12, 7, 13], "texture": "#0"},
				"down": {"uv": [3, 14, 7, 15], "texture": "#0"}
			}
		},
		{
			"name": "mauler_spawn_egg_1",
			"from": [3, 3, 7.5],
			"to": [7, 5, 8.5],
			"rotation": {"angle": 0, "axis": "y", "origin": [-6, -1, 0]},
			"faces": {
				"north": {"uv": [13, 13, 9, 15], "texture": "#0"},
				"east": {"uv": [12, 13, 13, 15], "texture": "#0"},
				"south": {"uv": [9, 13, 13, 15], "texture": "#0"},
				"west": {"uv": [9, 13, 10, 15], "texture": "#0"},
				"up": {"uv": [9, 12, 13, 13], "texture": "#0"},
				"down": {"uv": [9, 14, 13, 15], "texture": "#0"}
			}
		}
	],
	"groups": [
		{
			"name": "mauler_spawn_egg",
			"origin": [8, 8, 8],
			"color": 0,
			"children": [0, 1, 2]
		}
	]
}