{
	"credit": "Made with Blockbench",
	"parent": "item/fake_generated",
	"textures": {
		"0": "friendsandfoes:item/moobloom_spawn_egg"
	},
	"elements": [
		{
			"name": "moobloom_spawn_egg_0",
			"from": [6, 2, 7.5],
			"to": [7, 15, 8.5],
			"faces": {
				"north": {"uv": [7, 1, 6, 14], "texture": "#0"},
				"east": {"uv": [6, 1, 7, 14], "texture": "#0"},
				"south": {"uv": [6, 1, 7, 14], "texture": "#0"},
				"west": {"uv": [5, 1, 6, 14], "texture": "#0"},
				"up": {"uv": [6, 1, 7, 2], "texture": "#0"},
				"down": {"uv": [5, 13, 7, 14], "texture": "#0"}
			}
		},
		{
			"name": "moobloom_spawn_egg_1",
			"from": [4, 1, 7.5],
			"to": [6, 15, 8.5],
			"faces": {
				"north": {"uv": [5, 1, 4, 15], "texture": "#0"},
				"south": {"uv": [4, 1, 6, 15], "texture": "#0"},
				"west": {"uv": [4, 1, 5, 15], "texture": "#0"},
				"up": {"uv": [4, 1, 5, 2], "texture": "#0"},
				"down": {"uv": [4, 14, 5, 15], "texture": "#0"}
			}
		},
		{
			"name": "moobloom_spawn_egg_2",
			"from": [7, 1, 7.5],
			"to": [8, 13, 8.5],
			"faces": {
				"north": {"uv": [8, 3, 7, 15], "texture": "#0"},
				"east": {"uv": [7, 1, 8, 15], "texture": "#0"},
				"south": {"uv": [7, 3, 8, 15], "texture": "#0"},
				"west": {"uv": [7, 1, 8, 15], "texture": "#0"},
				"up": {"uv": [7, 3, 8, 4], "texture": "#0"},
				"down": {"uv": [7, 14, 8, 15], "texture": "#0"}
			}
		},
		{
			"name": "moobloom_spawn_egg_3",
			"from": [1, 6, 7.5],
			"to": [4, 14, 8.5],
			"faces": {
				"north": {"uv": [4, 2, 1, 10], "texture": "#0"},
				"south": {"uv": [1, 2, 4, 10], "texture": "#0"},
				"west": {"uv": [1, 2, 2, 10], "texture": "#0"},
				"up": {"uv": [1, 2, 4, 3], "texture": "#0"},
				"down": {"uv": [1, 9, 4, 10], "texture": "#0"}
			}
		},
		{
			"name": "moobloom_spawn_egg_4",
			"from": [8, 2, 7.5],
			"to": [11, 14, 8.5],
			"faces": {
				"north": {"uv": [11, 2, 8, 14], "texture": "#0"},
				"east": {"uv": [10, 2, 11, 14], "texture": "#0"},
				"south": {"uv": [8, 2, 11, 14], "texture": "#0"},
				"up": {"uv": [8, 2, 11, 3], "texture": "#0"},
				"down": {"uv": [8, 13, 11, 14], "texture": "#0"}
			}
		},
		{
			"name": "moobloom_spawn_egg_5",
			"from": [11, 1, 7.5],
			"to": [15, 12, 8.5],
			"faces": {
				"north": {"uv": [15, 4, 11, 15], "texture": "#0"},
				"east": {"uv": [14, 4, 15, 15], "texture": "#0"},
				"south": {"uv": [11, 4, 15, 15], "texture": "#0"},
				"west": {"uv": [11, 4, 12, 15], "texture": "#0"},
				"up": {"uv": [11, 4, 15, 5], "texture": "#0"},
				"down": {"uv": [11, 14, 15, 15], "texture": "#0"}
			}
		},
		{
			"name": "moobloom_spawn_egg_6",
			"from": [0, 9, 7.5],
			"to": [1, 11, 8.5],
			"faces": {
				"north": {"uv": [1, 5, 0, 7], "texture": "#0"},
				"south": {"uv": [0, 5, 1, 7], "texture": "#0"},
				"west": {"uv": [0, 5, 1, 7], "texture": "#0"},
				"up": {"uv": [0, 5, 1, 6], "texture": "#0"},
				"down": {"uv": [0, 6, 1, 7], "texture": "#0"}
			}
		},
		{
			"name": "moobloom_spawn_egg_7",
			"from": [2, 5, 7.5],
			"to": [4, 6, 8.5],
			"faces": {
				"north": {"uv": [4, 10, 2, 11], "texture": "#0"},
				"south": {"uv": [2, 10, 4, 11], "texture": "#0"},
				"west": {"uv": [2, 10, 3, 11], "texture": "#0"},
				"down": {"uv": [2, 10, 4, 11], "texture": "#0"}
			}
		},
		{
			"name": "moobloom_spawn_egg_8",
			"from": [3, 1, 7.5],
			"to": [4, 5, 8.5],
			"faces": {
				"north": {"uv": [4, 11, 3, 15], "texture": "#0"},
				"south": {"uv": [3, 11, 4, 15], "texture": "#0"},
				"west": {"uv": [3, 11, 4, 15], "texture": "#0"},
				"down": {"uv": [3, 14, 4, 15], "texture": "#0"}
			}
		},
		{
			"name": "moobloom_spawn_egg_9",
			"from": [8, 1, 7.5],
			"to": [10, 2, 8.5],
			"faces": {
				"north": {"uv": [10, 14, 8, 15], "texture": "#0"},
				"east": {"uv": [9, 14, 10, 15], "texture": "#0"},
				"south": {"uv": [8, 14, 10, 15], "texture": "#0"},
				"down": {"uv": [8, 14, 10, 15], "texture": "#0"}
			}
		}
	],
	"groups": [
		{
			"name": "moobloom_spawn_egg",
			"origin": [8, 8, 8],
			"color": 0,
			"children": [0, 1, 2, 3, 4, 5, 6, 7, 8, 9]
		}
	]
}