{
	"credit": "Made with Blockbench",
	"parent": "item/fake_generated",
	"textures": {
		"0": "friendsandfoes:item/rascal_spawn_egg"
	},
	"elements": [
		{
			"name": "rascal_spawn_egg_0",
			"from": [-0.5, 7, 7.5],
			"to": [0.5, 10, 8.5],
			"rotation": {"angle": 0, "axis": "y", "origin": [0.5, 9, 7.5]},
			"faces": {
				"north": {"uv": [1, 5, 0, 8], "texture": "#0"},
				"east": {"uv": [1, 5, 0, 8], "texture": "#0"},
				"south": {"uv": [1, 5, 0, 8], "texture": "#0"},
				"west": {"uv": [1, 5, 0, 8], "texture": "#0"},
				"up": {"uv": [1, 5, 0, 6], "texture": "#0"},
				"down": {"uv": [1, 7, 0, 8], "texture": "#0"}
			}
		},
		{
			"name": "rascal_spawn_egg_1",
			"from": [0.5, 5, 7.5],
			"to": [2.5, 10, 8.5],
			"rotation": {"angle": 0, "axis": "y", "origin": [1.5, 6, 7.5]},
			"faces": {
				"north": {"uv": [3, 5, 1, 10], "texture": "#0"},
				"east": {"uv": [3, 5, 2, 10], "texture": "#0"},
				"south": {"uv": [1, 5, 3, 10], "texture": "#0"},
				"west": {"uv": [2, 5, 1, 10], "texture": "#0"},
				"up": {"uv": [3, 5, 1, 6], "texture": "#0"},
				"down": {"uv": [1, 9, 3, 10], "texture": "#0"}
			}
		},
		{
			"name": "rascal_spawn_egg_2",
			"from": [2.5, 2, 7.5],
			"to": [11.5, 12, 8.5],
			"rotation": {"angle": 0, "axis": "y", "origin": [3.5, 6, 7.5]},
			"faces": {
				"north": {"uv": [12, 3, 3, 13], "texture": "#0"},
				"east": {"uv": [12, 3, 11, 13], "texture": "#0"},
				"south": {"uv": [3, 3, 12, 13], "texture": "#0"},
				"west": {"uv": [4, 3, 3, 13], "texture": "#0"},
				"up": {"uv": [3, 3, 12, 4], "texture": "#0"},
				"down": {"uv": [12, 12, 3, 13], "texture": "#0"}
			}
		},
		{
			"name": "rascal_spawn_egg_3",
			"from": [3.5, 1, 7.5],
			"to": [10.5, 2, 8.5],
			"rotation": {"angle": 0, "axis": "y", "origin": [3.5, -2, 7.5]},
			"faces": {
				"north": {"uv": [11, 13, 4, 14], "texture": "#0"},
				"east": {"uv": [11, 13, 10, 14], "texture": "#0"},
				"south": {"uv": [11, 13, 4, 14], "texture": "#0"},
				"west": {"uv": [5, 13, 4, 14], "texture": "#0"},
				"up": {"uv": [11, 13, 4, 14], "texture": "#0"},
				"down": {"uv": [11, 13, 4, 14], "texture": "#0"}
			}
		},
		{
			"name": "rascal_spawn_egg_4",
			"from": [11.5, 3, 7.5],
			"to": [16.5, 11, 8.5],
			"rotation": {"angle": 0, "axis": "y", "origin": [9.5, 8, 7.5]},
			"faces": {
				"north": {"uv": [16, 4, 12, 12], "texture": "#0"},
				"east": {"uv": [16, 4, 15, 11], "texture": "#0"},
				"south": {"uv": [12, 4, 16, 12], "texture": "#0"},
				"west": {"uv": [12, 4, 11, 12], "texture": "#0"},
				"up": {"uv": [16, 4, 12, 5], "texture": "#0"},
				"down": {"uv": [16, 11, 12, 12], "texture": "#0"}
			}
		}
	],
	"groups": [
		{
			"name": "rascal_spawn_egg",
			"origin": [0, 0, 0],
			"color": 0,
			"children": [0, 1, 2, 3, 4]
		}
	]
}