{
	"credit": "Made with Blockbench",
	"parent": "item/fake_generated",
	"textures": {
		"0": "friendsandfoes:item/totem_of_freezing"
	},
	"elements": [
		{
			"name": "totem_of_freezing_0",
			"from": [4, 4, 7.5],
			"to": [12, 15, 8.5],
			"rotation": {"angle": 0, "axis": "y", "origin": [22, 3, 0]},
			"faces": {
				"north": {"uv": [4, 1, 12, 12], "texture": "#0"},
				"east": {"uv": [5, 1, 4, 12], "texture": "#0"},
				"south": {"uv": [4, 1, 12, 12], "texture": "#0"},
				"west": {"uv": [12, 1, 11, 12], "texture": "#0"},
				"up": {"uv": [12, 1, 4, 2], "texture": "#0"},
				"down": {"uv": [12, 11, 4, 12], "texture": "#0"}
			}
		},
		{
			"name": "totem_of_freezing_1",
			"from": [5, 0, 7.5],
			"to": [11, 4, 8.5],
			"rotation": {"angle": 0, "axis": "y", "origin": [18, -1, 0]},
			"faces": {
				"north": {"uv": [5, 12, 11, 16], "texture": "#0"},
				"east": {"uv": [6, 12, 5, 16], "texture": "#0"},
				"south": {"uv": [5, 12, 11, 16], "texture": "#0"},
				"west": {"uv": [11, 12, 10, 16], "texture": "#0"},
				"up": {"uv": [11, 12, 5, 13], "texture": "#0"},
				"down": {"uv": [11, 15, 5, 16], "texture": "#0"}
			}
		},
		{
			"name": "totem_of_freezing_2",
			"from": [2, 5, 7.5],
			"to": [4, 6, 8.5],
			"rotation": {"angle": 0, "axis": "y", "origin": [17, 2, 0]},
			"faces": {
				"north": {"uv": [2, 10, 4, 11], "texture": "#0"},
				"east": {"uv": [3, 10, 4, 11], "texture": "#0"},
				"south": {"uv": [2, 10, 4, 11], "texture": "#0"},
				"west": {"uv": [2, 10, 3, 11], "texture": "#0"},
				"up": {"uv": [2, 10, 4, 11], "texture": "#0"},
				"down": {"uv": [2, 10, 4, 11], "texture": "#0"}
			}
		},
		{
			"name": "totem_of_freezing_3",
			"from": [12, 5, 7.5],
			"to": [14, 6, 8.5],
			"rotation": {"angle": 0, "axis": "y", "origin": [17, -1, 0]},
			"faces": {
				"north": {"uv": [12, 10, 14, 11], "texture": "#0"},
				"east": {"uv": [13, 10, 14, 11], "texture": "#0"},
				"south": {"uv": [12, 10, 14, 11], "texture": "#0"},
				"west": {"uv": [12, 10, 13, 11], "texture": "#0"},
				"up": {"uv": [12, 10, 14, 11], "texture": "#0"},
				"down": {"uv": [12, 10, 14, 11], "texture": "#0"}
			}
		},
		{
			"name": "totem_of_freezing_4",
			"from": [1, 6, 7.5],
			"to": [4, 11, 8.5],
			"rotation": {"angle": 0, "axis": "y", "origin": [9, -3, 0]},
			"faces": {
				"north": {"uv": [4, 5, 1, 10], "texture": "#0"},
				"east": {"uv": [4, 5, 3, 10], "texture": "#0"},
				"south": {"uv": [1, 5, 4, 10], "texture": "#0"},
				"west": {"uv": [2, 5, 1, 10], "texture": "#0"},
				"up": {"uv": [4, 5, 1, 6], "texture": "#0"},
				"down": {"uv": [4, 9, 1, 10], "texture": "#0"}
			}
		},
		{
			"name": "totem_of_freezing_5",
			"from": [12, 6, 7.5],
			"to": [15, 11, 8.5],
			"rotation": {"angle": 0, "axis": "y", "origin": [19, 0, 0]},
			"faces": {
				"north": {"uv": [15, 5, 12, 10], "texture": "#0"},
				"east": {"uv": [15, 5, 14, 10], "texture": "#0"},
				"south": {"uv": [12, 5, 15, 10], "texture": "#0"},
				"west": {"uv": [13, 5, 12, 10], "texture": "#0"},
				"up": {"uv": [15, 5, 12, 6], "texture": "#0"},
				"down": {"uv": [15, 9, 12, 10], "texture": "#0"}
			}
		}
	],
	"groups": [
		{
			"name": "totem_of_freezing",
			"origin": [4, 8, 8],
			"color": 0,
			"children": [0, 1, 2, 3, 4, 5]
		}
	]
}