{
	"credit": "Made with Blockbench",
	"parent": "item/fake_generated",
	"textures": {
		"0": "friendsandfoes:item/totem_of_illusion"
	},
	"elements": [
		{
			"name": "totem_of_illusion_0",
			"from": [5, 3, 7.5],
			"to": [11, 11, 8.5],
			"rotation": {"angle": 0, "axis": "y", "origin": [21, 2, 0]},
			"faces": {
				"north": {"uv": [5, 5, 11, 13], "texture": "#0"},
				"east": {"uv": [1, 5, 0, 14], "texture": "#0"},
				"south": {"uv": [5, 5, 11, 13], "texture": "#0"},
				"west": {"uv": [16, 5, 15, 13], "texture": "#0"},
				"up": {"uv": [16, 5, 0, 6], "texture": "#0"},
				"down": {"uv": [16, 12, 0, 13], "texture": "#0"}
			}
		},
		{
			"name": "totem_of_illusion_1",
			"from": [4, 11, 7.5],
			"to": [12, 15, 8.5],
			"rotation": {"angle": 0, "axis": "y", "origin": [17, 10, 0]},
			"faces": {
				"north": {"uv": [4, 1, 12, 5], "texture": "#0"},
				"east": {"uv": [5, 1, 4, 5], "texture": "#0"},
				"south": {"uv": [12, 1, 4, 5], "texture": "#0"},
				"west": {"uv": [12, 1, 11, 5], "texture": "#0"},
				"up": {"uv": [12, 1, 4, 2], "texture": "#0"},
				"down": {"uv": [12, 4, 4, 5], "texture": "#0"}
			}
		},
		{
			"name": "totem_of_illusion_2",
			"from": [6, 0, 7.5],
			"to": [10, 3, 8.5],
			"rotation": {"angle": 0, "axis": "y", "origin": [21, -3, 0]},
			"faces": {
				"north": {"uv": [6, 13, 10, 16], "texture": "#0"},
				"east": {"uv": [7, 13, 6, 16], "texture": "#0"},
				"south": {"uv": [6, 13, 10, 16], "texture": "#0"},
				"west": {"uv": [10, 13, 9, 16], "texture": "#0"},
				"up": {"uv": [10, 13, 6, 14], "texture": "#0"},
				"down": {"uv": [10, 15, 6, 16], "texture": "#0"}
			}
		},
		{
			"name": "totem_of_illusion_3",
			"from": [11, 2, 7.5],
			"to": [16, 11, 8.5],
			"rotation": {"angle": 0, "axis": "y", "origin": [19, -4, 0]},
			"faces": {
				"north": {"uv": [11, 5, 16, 14], "texture": "#0"},
				"east": {"uv": [16, 5, 15, 14], "texture": "#0"},
				"south": {"uv": [11, 5, 16, 14], "texture": "#0"},
				"west": {"uv": [12, 5, 11, 14], "texture": "#0"},
				"up": {"uv": [16, 5, 11, 6], "texture": "#0"},
				"down": {"uv": [16, 13, 11, 14], "texture": "#0"}
			}
		},
		{
			"name": "totem_of_illusion_4",
			"from": [0, 2, 7.5],
			"to": [5, 11, 8.5],
			"rotation": {"angle": 0, "axis": "y", "origin": [8, -4, 0]},
			"faces": {
				"north": {"uv": [0, 5, 5, 14], "texture": "#0"},
				"east": {"uv": [5, 5, 4, 14], "texture": "#0"},
				"south": {"uv": [0, 5, 5, 14], "texture": "#0"},
				"west": {"uv": [1, 5, 0, 14], "texture": "#0"},
				"up": {"uv": [5, 5, 0, 6], "texture": "#0"},
				"down": {"uv": [5, 13, 0, 14], "texture": "#0"}
			}
		},
		{
			"name": "totem_of_illusion_5",
			"from": [1, 1, 7.5],
			"to": [4, 2, 8.5],
			"rotation": {"angle": 0, "axis": "y", "origin": [8, -5, 0]},
			"faces": {
				"north": {"uv": [1, 14, 4, 15], "texture": "#0"},
				"east": {"uv": [3, 14, 4, 15], "texture": "#0"},
				"south": {"uv": [1, 14, 4, 15], "texture": "#0"},
				"west": {"uv": [1, 14, 2, 15], "texture": "#0"},
				"up": {"uv": [1, 14, 4, 15], "texture": "#0"},
				"down": {"uv": [1, 14, 4, 15], "texture": "#0"}
			}
		},
		{
			"name": "totem_of_illusion_6",
			"from": [12, 1, 7.5],
			"to": [15, 2, 8.5],
			"rotation": {"angle": 0, "axis": "y", "origin": [19, -5, 0]},
			"faces": {
				"north": {"uv": [12, 14, 15, 15], "texture": "#0"},
				"east": {"uv": [14, 14, 15, 15], "texture": "#0"},
				"south": {"uv": [12, 14, 15, 15], "texture": "#0"},
				"west": {"uv": [12, 14, 13, 15], "texture": "#0"},
				"up": {"uv": [12, 14, 15, 15], "texture": "#0"},
				"down": {"uv": [12, 14, 15, 15], "texture": "#0"}
			}
		}
	],
	"groups": [
		{
			"name": "totem_of_illusion",
			"origin": [3, 8, 8],
			"color": 0,
			"children": [0, 1, 2, 3, 4, 5, 6]
		}
	]
}