{
	"credit": "Made with Blockbench",
	"parent": "item/fake_generated",
	"textures": {
		"0": "friendsandfoes:item/tuff_golem_spawn_egg"
	},
	"elements": [
		{
			"name": "tuff_golem_spawn_egg_0",
			"from": [6, 1, 7.5],
			"to": [13, 13, 8.5],
			"rotation": {"angle": 0, "axis": "y", "origin": [8.5, 1, 7.5]},
			"faces": {
				"north": {"uv": [13, 2, 6, 14], "texture": "#0"},
				"east": {"uv": [12, 2, 13, 14], "texture": "#0"},
				"south": {"uv": [6, 2, 13, 14], "texture": "#0"},
				"west": {"uv": [6, 2, 7, 14], "texture": "#0"},
				"up": {"uv": [6, 2, 13, 3], "texture": "#0"},
				"down": {"uv": [6, 13, 13, 14], "texture": "#0"}
			}
		},
		{
			"name": "tuff_golem_spawn_egg_1",
			"from": [13, 4, 7.5],
			"to": [14, 8, 8.5],
			"rotation": {"angle": 0, "axis": "y", "origin": [11.5, 4, 7.5]},
			"faces": {
				"north": {"uv": [13, 7, 14, 11], "texture": "#0"},
				"east": {"uv": [13, 7, 14, 11], "texture": "#0"},
				"south": {"uv": [13, 7, 14, 11], "texture": "#0"},
				"west": {"uv": [13, 7, 14, 11], "texture": "#0"},
				"up": {"uv": [13, 7, 14, 8], "texture": "#0"},
				"down": {"uv": [13, 10, 14, 11], "texture": "#0"}
			}
		},
		{
			"name": "tuff_golem_spawn_egg_2",
			"from": [2, 3, 7.5],
			"to": [6, 8, 8.5],
			"rotation": {"angle": 0, "axis": "y", "origin": [3.5, 1.4, 7.5]},
			"faces": {
				"north": {"uv": [6, 7, 2, 12], "texture": "#0"},
				"east": {"uv": [5, 7, 6, 12], "texture": "#0"},
				"south": {"uv": [2, 7, 6, 12], "texture": "#0"},
				"west": {"uv": [2, 7, 3, 12], "texture": "#0"},
				"up": {"uv": [2, 7, 6, 8], "texture": "#0"},
				"down": {"uv": [2, 11, 6, 12], "texture": "#0"}
			}
		}
	],
	"groups": [
		{
			"name": "tuff_golem_spawn_egg",
			"origin": [7.5, 0, 7.5],
			"color": 0,
			"children": [0, 1, 2]
		}
	]
}