{
	"credit": "Made with Blockbench",
	"parent": "item/fake_generated",
	"textures": {
		"0": "friendsandfoes:item/wildfire_crown_fragment"
	},
	"elements": [
		{
			"name": "wildfire_crown_0",
			"from": [4.5, 1, 7.5],
			"to": [13.5, 4, 8.5],
			"rotation": {"angle": 0, "axis": "y", "origin": [-2.5, 0, 0]},
			"faces": {
				"north": {"uv": [13, 12, 4, 15], "texture": "#0"},
				"east": {"uv": [13, 12, 12, 15], "texture": "#0"},
				"south": {"uv": [4, 12, 13, 15], "texture": "#0"},
				"west": {"uv": [5, 12, 4, 15], "texture": "#0"},
				"up": {"uv": [4, 12, 13, 13], "texture": "#0"},
				"down": {"uv": [13, 14, 4, 15], "texture": "#0"}
			}
		},
		{
			"name": "wildfire_crown_1",
			"from": [4.5, 4, 7.5],
			"to": [10.5, 9, 8.5],
			"rotation": {"angle": 0, "axis": "y", "origin": [-5.5, 3, 0]},
			"faces": {
				"north": {"uv": [10, 7, 4, 12], "texture": "#0"},
				"east": {"uv": [10, 7, 9, 12], "texture": "#0"},
				"south": {"uv": [4, 7, 10, 12], "texture": "#0"},
				"west": {"uv": [5, 7, 4, 12], "texture": "#0"},
				"up": {"uv": [10, 7, 4, 8], "texture": "#0"},
				"down": {"uv": [10, 11, 4, 12], "texture": "#0"}
			}
		},
		{
			"name": "wildfire_crown_2",
			"from": [3.5, 3, 7.5],
			"to": [4.5, 7, 8.5],
			"rotation": {"angle": 0, "axis": "y", "origin": [-6.5, 2, 0]},
			"faces": {
				"north": {"uv": [4, 9, 3, 13], "texture": "#0"},
				"east": {"uv": [4, 9, 3, 13], "texture": "#0"},
				"south": {"uv": [4, 9, 3, 13], "texture": "#0"},
				"west": {"uv": [4, 9, 3, 13], "texture": "#0"},
				"up": {"uv": [4, 9, 3, 10], "texture": "#0"},
				"down": {"uv": [4, 12, 3, 13], "texture": "#0"}
			}
		},
		{
			"name": "wildfire_crown_3",
			"from": [10.5, 4, 7.5],
			"to": [11.5, 8, 8.5],
			"rotation": {"angle": 0, "axis": "y", "origin": [0.5, 3, 0]},
			"faces": {
				"north": {"uv": [11, 8, 10, 12], "texture": "#0"},
				"east": {"uv": [11, 8, 10, 12], "texture": "#0"},
				"south": {"uv": [11, 8, 10, 12], "texture": "#0"},
				"west": {"uv": [11, 8, 10, 12], "texture": "#0"},
				"up": {"uv": [11, 8, 10, 9], "texture": "#0"},
				"down": {"uv": [11, 11, 10, 12], "texture": "#0"}
			}
		},
		{
			"name": "wildfire_crown_4",
			"from": [11.5, 4, 7.5],
			"to": [12.5, 5, 8.5],
			"rotation": {"angle": 0, "axis": "y", "origin": [1.5, 3, 0]},
			"faces": {
				"north": {"uv": [12, 11, 11, 12], "texture": "#0"},
				"east": {"uv": [12, 11, 11, 12], "texture": "#0"},
				"south": {"uv": [12, 11, 11, 12], "texture": "#0"},
				"west": {"uv": [12, 11, 11, 12], "texture": "#0"},
				"up": {"uv": [12, 11, 11, 12], "texture": "#0"},
				"down": {"uv": [12, 11, 11, 12], "texture": "#0"}
			}
		},
		{
			"name": "wildfire_crown_5",
			"from": [3.5, 9, 7.5],
			"to": [9.5, 11, 8.5],
			"rotation": {"angle": 0, "axis": "y", "origin": [-5.5, 8, 0]},
			"faces": {
				"north": {"uv": [9, 5, 3, 7], "texture": "#0"},
				"east": {"uv": [8, 5, 9, 7], "texture": "#0"},
				"south": {"uv": [3, 5, 9, 7], "texture": "#0"},
				"west": {"uv": [3, 5, 4, 7], "texture": "#0"},
				"up": {"uv": [3, 5, 9, 6], "texture": "#0"},
				"down": {"uv": [3, 6, 9, 7], "texture": "#0"}
			}
		},
		{
			"name": "wildfire_crown_6",
			"from": [3.5, 11, 7.5],
			"to": [8.5, 13, 8.5],
			"rotation": {"angle": 0, "axis": "y", "origin": [-5.5, 10, 0]},
			"faces": {
				"north": {"uv": [8, 3, 3, 5], "texture": "#0"},
				"east": {"uv": [8, 3, 7, 5], "texture": "#0"},
				"south": {"uv": [3, 3, 8, 5], "texture": "#0"},
				"west": {"uv": [4, 3, 3, 5], "texture": "#0"},
				"up": {"uv": [8, 3, 3, 4], "texture": "#0"},
				"down": {"uv": [8, 4, 3, 5], "texture": "#0"}
			}
		},
		{
			"name": "wildfire_crown_7",
			"from": [3.5, 13, 7.5],
			"to": [7.5, 14, 8.5],
			"rotation": {"angle": 0, "axis": "y", "origin": [-5.5, 11, 0]},
			"faces": {
				"north": {"uv": [7, 2, 3, 3], "texture": "#0"},
				"east": {"uv": [7, 2, 6, 3], "texture": "#0"},
				"south": {"uv": [7, 2, 3, 3], "texture": "#0"},
				"west": {"uv": [4, 2, 3, 3], "texture": "#0"},
				"up": {"uv": [7, 2, 3, 3], "texture": "#0"},
				"down": {"uv": [7, 2, 3, 3], "texture": "#0"}
			}
		},
		{
			"name": "wildfire_crown_8",
			"from": [3.5, 14, 7.5],
			"to": [6.5, 15, 8.5],
			"rotation": {"angle": 0, "axis": "y", "origin": [-5.5, 12, 0]},
			"faces": {
				"north": {"uv": [6, 1, 3, 2], "texture": "#0"},
				"east": {"uv": [6, 1, 5, 2], "texture": "#0"},
				"south": {"uv": [6, 1, 3, 2], "texture": "#0"},
				"west": {"uv": [4, 1, 3, 2], "texture": "#0"},
				"up": {"uv": [6, 1, 3, 2], "texture": "#0"},
				"down": {"uv": [6, 1, 3, 2], "texture": "#0"}
			}
		}
	],
	"groups": [
		{
			"name": "wildfire_crown",
			"origin": [0.5, 8, 8],
			"color": 0,
			"children": [0, 1, 2, 3, 4, 5, 6, 7, 8]
		}
	]
}