{
	"credit": "Made with Blockbench",
	"parent": "item/fake_generated",
	"textures": {
		"0": "friendsandfoes:item/wildfire_spawn_egg"
	},
	"elements": [
		{
			"name": "wildfire_spawn_egg_0",
			"from": [1.5, 0, 7.5],
			"to": [4.5, 13, 8.5],
			"rotation": {"angle": 0, "axis": "y", "origin": [2.5, 0, 7.5]},
			"faces": {
				"north": {"uv": [4, 3, 1, 16], "texture": "#0"},
				"east": {"uv": [4, 3, 3, 16], "texture": "#0"},
				"south": {"uv": [1, 3, 4, 16], "texture": "#0"},
				"west": {"uv": [2, 3, 1, 16], "texture": "#0"},
				"up": {"uv": [4, 3, 1, 4], "texture": "#0"},
				"down": {"uv": [1, 15, 4, 16], "texture": "#0"}
			}
		},
		{
			"name": "wildfire_spawn_egg_1",
			"from": [4.5, 0, 7.5],
			"to": [5.5, 15, 8.5],
			"rotation": {"angle": 0, "axis": "y", "origin": [5.5, 0, 7.5]},
			"faces": {
				"north": {"uv": [5, 1, 4, 16], "texture": "#0"},
				"east": {"uv": [5, 1, 4, 16], "texture": "#0"},
				"south": {"uv": [5, 1, 4, 16], "texture": "#0"},
				"west": {"uv": [5, 1, 4, 16], "texture": "#0"},
				"up": {"uv": [5, 1, 4, 2], "texture": "#0"},
				"down": {"uv": [5, 15, 4, 16], "texture": "#0"}
			}
		},
		{
			"name": "wildfire_spawn_egg_2",
			"from": [5.5, 1, 7.5],
			"to": [6.5, 16, 8.5],
			"rotation": {"angle": 0, "axis": "y", "origin": [6.5, 0, 7.5]},
			"faces": {
				"north": {"uv": [6, 0, 5, 15], "texture": "#0"},
				"east": {"uv": [6, 0, 5, 15], "texture": "#0"},
				"south": {"uv": [6, 0, 5, 15], "texture": "#0"},
				"west": {"uv": [6, 0, 5, 15], "texture": "#0"},
				"up": {"uv": [5, 0, 6, 1], "texture": "#0"},
				"down": {"uv": [6, 14, 5, 15], "texture": "#0"}
			}
		},
		{
			"name": "wildfire_spawn_egg_3",
			"from": [6.5, 0, 7.5],
			"to": [11.5, 16, 8.5],
			"rotation": {"angle": 0, "axis": "y", "origin": [7.5, 0, 7.5]},
			"faces": {
				"north": {"uv": [11, 0, 6, 16], "texture": "#0"},
				"east": {"uv": [11, 0, 10, 16], "texture": "#0"},
				"south": {"uv": [6, 0, 11, 16], "texture": "#0"},
				"west": {"uv": [7, 0, 6, 16], "texture": "#0"},
				"up": {"uv": [6, 0, 11, 1], "texture": "#0"},
				"down": {"uv": [11, 15, 6, 16], "texture": "#0"}
			}
		},
		{
			"name": "wildfire_spawn_egg_4",
			"from": [11.5, 0, 7.5],
			"to": [12.5, 15, 8.5],
			"rotation": {"angle": 0, "axis": "y", "origin": [9.5, 0, 7.5]},
			"faces": {
				"north": {"uv": [12, 1, 11, 16], "texture": "#0"},
				"east": {"uv": [12, 1, 11, 16], "texture": "#0"},
				"south": {"uv": [12, 1, 11, 16], "texture": "#0"},
				"west": {"uv": [12, 1, 11, 16], "texture": "#0"},
				"up": {"uv": [12, 1, 11, 2], "texture": "#0"},
				"down": {"uv": [12, 15, 11, 16], "texture": "#0"}
			}
		},
		{
			"name": "wildfire_spawn_egg_5",
			"from": [12.5, 0, 7.5],
			"to": [14.5, 14, 8.5],
			"rotation": {"angle": 0, "axis": "y", "origin": [10.5, 0, 7.5]},
			"faces": {
				"north": {"uv": [14, 2, 12, 16], "texture": "#0"},
				"east": {"uv": [14, 2, 13, 16], "texture": "#0"},
				"south": {"uv": [12, 2, 14, 16], "texture": "#0"},
				"west": {"uv": [13, 2, 12, 16], "texture": "#0"},
				"up": {"uv": [14, 2, 12, 3], "texture": "#0"},
				"down": {"uv": [14, 15, 12, 16], "texture": "#0"}
			}
		},
		{
			"name": "wildfire_spawn_egg_5",
			"from": [14.5, 1, 7.5],
			"to": [15.5, 14, 8.5],
			"rotation": {"angle": 0, "axis": "y", "origin": [11.5, 0, 7.5]},
			"faces": {
				"north": {"uv": [15, 2, 14, 15], "texture": "#0"},
				"east": {"uv": [15, 2, 14, 15], "texture": "#0"},
				"south": {"uv": [15, 2, 14, 15], "texture": "#0"},
				"west": {"uv": [15, 2, 14, 15], "texture": "#0"},
				"up": {"uv": [15, 2, 14, 3], "texture": "#0"},
				"down": {"uv": [15, 14, 14, 15], "texture": "#0"}
			}
		}
	],
	"groups": [
		{
			"name": "wildfire_spawn_egg",
			"origin": [-6.5, 8, 15.5],
			"color": 0,
			"children": [0, 1, 2, 3, 4, 5, 6]
		}
	]
}