{
  "species": "cobblemon:venipede",
  "order": 7,
  "variations": [
    {
      "aspects": ["twilight"],
      "poser": "cobblemon:venipede",
      "model": "cobblemon:venipede.geo",
      "texture": "cobblemon:textures/pokemon/0543_venipede/venipede_twilight.png",
      "layers": [
        {
          "name": "glow",
          "texture": "cobblemon:textures/pokemon/0543_venipede/venipede_twilight_emissive.png",
          "emissive": true
        }
        ]
    },
    {
      "aspects": [
        "twilight",
        "shiny"
      ],
      "texture": "cobblemon:textures/pokemon/0543_venipede/venipede_twilight_shiny.png",
      "layers": [
        {
          "name": "glow",
          "texture": "cobblemon:textures/pokemon/0543_venipede/venipede_twilight_shiny_emissive.png",
          "emissive": true
        }
        ]
    }
  ]
}