{
  "target": "cobblemon:heracross",
  "implemented": true,
  "name": "Heracross",
  "forms": [
    {
      "implemented": true,
      "name": "Twilight",
      "nationalPokedexNumber": 214,
      "primaryType": "bug",
      "secondaryType": "fire",
      "abilities": [
        "thermalexchange",
        "h:moxie"
      ],
      "baseStats": {
        "hp": 80,
        "attack": 125,
        "defence": 75,
        "special_attack": 40,
        "special_defence": 95,
        "speed": 85
      },
      "catchRate": 45,
      "maleRatio": 0.5,
      "shoulderMountable": false,
      "baseExperienceYield": 175,
      "experienceGroup": "slow",
      "eggCycles": 25,
      "eggGroups": [
        "bug"
      ],
      "behaviour": {
        "moving": {
          "fly": {
            "canFly": true
          }
        }
      },
      "moves": [
        "1:crosspoison",
        "1:firefang",
        "1:acid",
        "1:leer",
        "1:tackle",
        "5:furyattack",
        "7:feint",
        "10:endure",
        "15:bugbite",
        "16:chipaway",
        "20:flamecharge",
        "25:hornattack",
        "30:firelash",
        "34:takedown",
        "35:pinmissile",
        "40:poisonjab",
        "45:thrash",
        "46:flareblitz",
        "50:swordsdance",
        "55:megahorn",
        "60:vcreate",
        "egg:bide",
        "egg:doubleedge",
        "egg:falseswipe",
        "egg:feint",
        "egg:flail",
        "egg:focuspunch",
        "egg:harden",
        "egg:megahorn",
        "egg:nightslash",
        "egg:pursuit",
        "egg:revenge",
        "egg:rockblast",
        "egg:seismictoss",
        "egg:takedown",
        "tm:aerialace",
        "tm:assurance",
        "tm:attract",
        "tm:bodyslam",
        "tm:brickbreak",
        "tm:brutalswing",
        "tm:bugbite",
        "tm:bugbuzz",
        "tm:bulkup",
        "tm:bulldoze",
        "tm:bulletseed",
        "tm:captivate",
        "tm:closecombat",
        "tm:coaching",
        "tm:confide",
        "tm:curse",
        "tm:cut",
        "tm:dig",
        "tm:doubleedge",
        "tm:doubleteam",
        "tm:earthquake",
        "tm:endeavor",
        "tm:endure",
        "tm:facade",
        "tm:falseswipe",
        "tm:fling",
        "tm:focusblast",
        "tm:focuspunch",
        "tm:frustration",
        "tm:gigaimpact",
        "tm:helpinghand",
        "tm:hiddenpower",
        "tm:highhorsepower",
        "tm:hyperbeam",
        "tm:irondefense",
        "tm:knockoff",
        "tm:lowkick",
        "tm:lunge",
        "tm:megahorn",
        "tm:naturalgift",
        "tm:pinmissile",
        "tm:pounce",
        "tm:protect",
        "tm:raindance",
        "tm:rest",
        "tm:retaliate",
        "tm:return",
        "tm:revenge",
        "tm:reversal",
        "tm:rockblast",
        "tm:rockslide",
        "tm:rocksmash",
        "tm:rocktomb",
        "tm:round",
        "tm:secretpower",
        "tm:shadowclaw",
        "tm:skittersmack",
        "tm:sleeptalk",
        "tm:smackdown",
        "tm:smartstrike",
        "tm:snore",
        "tm:spikes",
        "tm:stoneedge",
        "tm:strength",
        "tm:strugglebug",
        "tm:substitute",
        "tm:sunnyday",
        "tm:swagger",
        "tm:swordsdance",
        "tm:takedown",
        "tm:terablast",
        "tm:thief",
        "tm:throatchop",
        "tm:toxic",
        "tm:trailblaze",
        "tm:upperhand",
        "tm:vacuumwave",
        "tm:venoshock",
        "tm:workup",
        "tutor:attract",
        "tutor:bide",
        "tutor:bodyslam",
        "tutor:bugbite",
        "tutor:bulletseed",
        "tutor:closecombat",
        "tutor:coaching",
        "tutor:counter",
        "tutor:curse",
        "tutor:cut",
        "tutor:detect",
        "tutor:doubleedge",
        "tutor:doubleteam",
        "tutor:earthquake",
        "tutor:endure",
        "tutor:flail",
        "tutor:focuspunch",
        "tutor:frustration",
        "tutor:furyattack",
        "tutor:furycutter",
        "tutor:harden",
        "tutor:headbutt",
        "tutor:helpinghand",
        "tutor:hiddenpower",
        "tutor:hornattack",
        "tutor:irondefense",
        "tutor:knockoff",
        "tutor:leer",
        "tutor:lowkick",
        "tutor:megahorn",
        "tutor:mimic",
        "tutor:pinmissile",
        "tutor:protect",
        "tutor:rest",
        "tutor:return",
        "tutor:reversal",
        "tutor:rockblast",
        "tutor:rockslide",
        "tutor:rocksmash",
        "tutor:seismictoss",
        "tutor:sleeptalk",
        "tutor:snore",
        "tutor:strength",
        "tutor:substitute",
        "tutor:sunnyday",
        "tutor:swagger",
        "tutor:swordsdance",
        "tutor:tackle",
        "tutor:takedown",
        "tutor:thief",
        "tutor:throatchop",
        "tutor:toxic",
        "tutor:vacuumwave"
      ],
      "labels": [
        "gen2"
      ],
      "pokedex": [
        "cobblemon.species.heracross-twilight.desc"
      ],
      "evolutions": [
        {
          "id": "heracross_twilight_to_normal",
          "variant": "item_interact",
          "result": "heracross twilight=false",
          "consumeHeldItem": false,
          "learnableMoves": [],
          "requirements": [],
          "requiredContext": "twilightforest:transformation_powder"
        }
      ],
      "baseScale": 1,
      "hitbox": {
        "width": 1.05,
        "height": 1.55,
        "fixed": false
      },
      "baseFriendship": 50,
      "evYield": {
        "hp": 0,
        "attack": 2,
        "defence": 0,
        "special_attack": 0,
        "special_defence": 0,
        "speed": 0
      },
      "height": 15,
      "weight": 540,
      "aspects": ["twilight"],
      "cannotDynamax": false,
      "drops": {
        "amount": 4,
        "entries": [
          {
            "item": "minecraft:gunpowder",
            "quantityRange": "1-3"
          },
          {
            "item": "minecraft:blaze_rod",
            "percentage": 10.0
          }
        ]
      }
    }
  ],
  "evolutions": [
        {
          "id": "heracross_to_twilight",
          "variant": "item_interact",
          "result": "heracross twilight=true",
          "consumeHeldItem": false,
          "learnableMoves": [],
          "requirements": [],
          "requiredContext": "twilightforest:transformation_powder"
        }
      ]
}