{
  "species": "cobblemon:paras",
  "order": 7,
  "variations": [
    {
      "aspects": ["twilight"],
      "poser": "cobblemon:paras",
      "model": "cobblemon:paras_twilight.geo",
      "texture": "cobblemon:textures/pokemon/0046_paras/paras_twilight.png",
      "layers": [
        {
          "name": "transparent",
          "emissive": false,
          "texture": "cobblemon:textures/pokemon/0046_paras/paras_twilight_transparency.png",
          "translucent": true
        }
      ]
    },
    {
      "aspects": [
        "twilight",
        "shiny"
      ],
      "texture": "cobblemon:textures/pokemon/0046_paras/paras_twilight_shiny.png",
      "layers": [
        {
          "name": "transparent",
          "emissive": false,
          "texture": "cobblemon:textures/pokemon/0046_paras/paras_twilight_shiny_transparency.png",
          "translucent": true
        }
      ]
    }
  ]
}