{
  "species": "cobblemon:charizard",
  "order": 7,
  "variations": [
    {
      "aspects": ["shadow"],
      "poser": "cobblemon:charizard",
      "model": "cobblemon:charizard.geo",
      "texture": "cobblemon:textures/pokemon/0006_charizard/charizard_shadow.png",
      "layers": [
        {
          "name": "flame",
          "texture": {
            "frames": [
              "cobblemon:textures/pokemon/0006_charizard/charizard_shadow_flame1.png",
              "cobblemon:textures/pokemon/0006_charizard/charizard_shadow_flame2.png",
              "cobblemon:textures/pokemon/0006_charizard/charizard_shadow_flame3.png",
              "cobblemon:textures/pokemon/0006_charizard/charizard_shadow_flame4.png"
            ],
            "fps": 10,
            "loop": true
          },
          "emissive": true,
          "translucent": true
        },
        {
          "name": "eyes",
          "texture": "cobblemon:textures/pokemon/0006_charizard/charizard_shadow_emissive.png",
          "emissive": true
        }
      ]
    },
    {
      "aspects": [
        "shadow",
        "shiny"
      ],
      "texture": "cobblemon:textures/pokemon/0006_charizard/charizard_shadow_shiny.png",
      "layers": [
        {
          "name": "flame",
          "texture": {
            "frames": [
              "cobblemon:textures/pokemon/0006_charizard/charizard_shadow_flame1.png",
              "cobblemon:textures/pokemon/0006_charizard/charizard_shadow_flame2.png",
              "cobblemon:textures/pokemon/0006_charizard/charizard_shadow_flame3.png",
              "cobblemon:textures/pokemon/0006_charizard/charizard_shadow_flame4.png"
            ],
            "fps": 10,
            "loop": true
          },
          "emissive": true,
          "translucent": true
        },
        {
          "name": "eyes",
          "texture": "cobblemon:textures/pokemon/0006_charizard/charizard_shadow_emissive.png",
          "emissive": true
        }
      ]
    }
  ]
}
