{
  "target": "cobblemon:lombre",
  "implemented": true,
  "pokedex": [
    "cobblemon.species.lombre.desc"
  ],
  "drops": {
    "amount": 4,
    "entries": [
      {
        "item": "twilightforest:huge_lily_pad"
      },
      {
        "item": "cobblemon:water_stone",
        "percentage": 5.0
      },
      {
        "item": "cobblemon:mental_herb",
        "percentage": 5.0
      },
      {
        "item": "cobblemon:kebia_berry",
        "percentage": 5.0
      }
    ]
  }
}