{
  "target": "cobblemon:ludicolo",
  "implemented": true,
  "pokedex": [
    "cobblemon.species.ludicolo.desc"
  ],
  "drops": {
    "amount": 5,
    "entries": [
      {
        "item": "twilightforest:huge_lily_pad"
      },
      {
        "item": "twilightforest:huge_water_lily",
        "quantityRange": "0-1"
      },
      {
        "item": "cobblemon:water_stone",
        "percentage": 10.0
      },
      {
        "item": "cobblemon:mental_herb",
        "percentage": 10.0
      },
      {
        "item": "cobblemon:kebia_berry",
        "percentage": 10.0
      }
    ]
  }
}