{
  "target": "cobblemon:sableye",
  "implemented": true,
  "pokedex": [
    "cobblemon.species.sableye.desc"
  ],
  "drops": {
    "amount": 5,
    "entries": [
      {
        "item": "minecraft:amethyst_shard",
        "quantityRange": "1-3"
      },
      {
        "item": "twilightforest:charm_of_keeping_1",
        "percentage": 25.0
      },
      {
        "item": "minecraft:diamond",
        "percentage": 5.0
      },
      {
        "item": "cobblemon:roseli_berry",
        "percentage": 5.0
      }
    ]
  }
}