{"head":"head1","portraitScale":1.2,"portraitTranslation":[0.1,0.3,0],"profileScale":0.7,"profileTranslation":[0,0.8,0],"poses":{"standing":{"poseName":"standing","transformTicks":10,"poseTypes":["STAND","NONE","PORTRAIT","PROFILE"],"animations":["look","bedrock(grapploct, ground_idle)"],"quirks":[{"name":"blink","animations":["bedrock(grapploct, blink)"]}]},"walking":{"poseName":"walking","transformTicks":10,"poseTypes":["WALK"],"animations":["bedrock(grapploct, ground_walk)"],"quirks":[{"name":"blink","animations":["bedrock(grapploct, blink)"]}]},"floating":{"poseName":"floating","transformTicks":10,"poseTypes":["FLOAT"],"animations":["bedrock(grapploct, water_idle)"],"quirks":[{"name":"blink","animations":["bedrock(grapploct, blink)"]}]},"swimming":{"poseName":"swimming","transformTicks":10,"poseTypes":["SWIM"],"animations":["bedrock(grapploct, water_swim)"],"quirks":[{"name":"blink","animations":["bedrock(grapploct, blink)"]}]}}}