{"portraitScale":2.8,"portraitTranslation":[-0.5,-1.9,0],"profileScale":1.5,"profileTranslation":[0,-0.5,0],"cry":"bedrock(silicobra, cry)","poses":{"standing":{"poseName":"standing","transformTicks":10,"poseTypes":["STAND","NONE","PORTRAIT","PROFILE"],"animations":["bedrock(silicobra, ground_idle)"],"quirks":[{"name":"blink","animations":["bedrock(silicobra, blink)"]},{"name":"blink","animations":["bedrock(silicobra, tongue)"]}]},"walking":{"poseName":"walking","transformTicks":10,"poseTypes":["WALK"],"animations":["bedrock(silicobra, ground_walk)"],"quirks":[{"name":"blink","animations":["bedrock(silicobra, blink)"]},{"name":"blink","animations":["bedrock(silicobra, tongue)"]}]}}}