{
  "type": "create:mechanical_crafting",
  "acceptMirrored": true,
  "key": {
    "a": {
      "tag": "forge:plates/obsidian"
    },
    "b": {
      "item": "ae2:logic_processor"
    },
    "c": {
      "item": "ae2:engineering_processor"
    },
    "d": {
      "item": "ae2:dense_energy_cell"
    },
    "e": {
      "tag": "ae2:smart_dense_cable"
    },
	"f": {
      "tag": "forge:dusts/fluix"
    }
  },
  "pattern": [
    " fbf ",
    "facaf",
    "badab",
    "faeaf",
    " fbf "
  ],
  "result": {
    "count": 1,
    "item": "ae2:quantum_ring"
  }
}