{
    "ambientocclusion": false,
    "textures": {
        "particle": "#bottom"
    },
    "elements": [
        {   "from": [ 0, 0, 0 ],
            "to": [ 3, 16, 16 ],
            "faces": {
                "down":  { "uv": [ 0, 12, 16, 15 ], "rotation": 270, "texture": "#bottom_right", "cullface": "down"},
                "north": { "uv": [ 3,  0,  0, 16 ], "texture": "#bottom", "cullface": "north" },
                "south": { "uv": [ 0,  0,  3, 16 ], "texture": "#bottom", "cullface": "south" },
                "west":  { "uv": [ 0,  0, 16, 16 ], "texture": "#bottom_right", "cullface": "west" },
                "east":  { "uv": [ 0,  0, 16, 16 ], "texture": "#bottom" }
            }
        }
    ]
}
