{
	"credit": "Made with Blockbench",
	"parent": "block/block",
	"ambientocclusion": false,
	"textures": {
		"particle": "block/dragon_egg",
		"side": "block/dragon_egg",
		"top": "block/dragon_egg_top",
		"bottom": "block/dragon_egg_bottom"
	},
	"elements": [
		{
			"from": [1, 5, 1],
			"to": [15, 11, 15],
			"faces": {
				"north": {"uv": [1, 5, 15, 11], "texture": "#side"},
				"east": {"uv": [1, 5, 15, 11], "texture": "#side"},
				"south": {"uv": [1, 5, 15, 11], "texture": "#side"},
				"west": {"uv": [1, 5, 15, 11], "texture": "#side"},
				"up": {"uv": [1, 1, 15, 15], "texture": "#top"},
				"down": {"uv": [1, 1, 15, 15], "texture": "#bottom"}
			}
		},
		{
			"from": [2, 2, 2],
			"to": [14, 14, 14],
			"faces": {
				"north": {"uv": [2, 2, 14, 14], "texture": "#side"},
				"east": {"uv": [2, 2, 14, 14], "texture": "#side"},
				"south": {"uv": [2, 2, 14, 14], "texture": "#side"},
				"west": {"uv": [2, 2, 14, 14], "texture": "#side"},
				"up": {"uv": [2, 2, 14, 14], "texture": "#top"},
				"down": {"uv": [2, 2, 14, 14], "texture": "#bottom"}
			}
		},
		{
			"from": [4, 0, 4],
			"to": [12, 16, 12],
			"faces": {
				"north": {"uv": [4, 0, 12, 16], "texture": "#side"},
				"east": {"uv": [4, 0, 12, 16], "texture": "#side"},
				"south": {"uv": [4, 0, 12, 16], "texture": "#side"},
				"west": {"uv": [4, 0, 12, 16], "texture": "#side"},
				"up": {"uv": [4, 4, 12, 12], "texture": "#top"},
				"down": {"uv": [4, 4, 12, 12], "texture": "#bottom"}
			}
		}
	]
}