{
	"format_version": "1.12.0",
	"minecraft:geometry": [
		{
			"description": {
				"identifier": "geometry.victini",
				"texture_width": 128,
				"texture_height": 128,
				"visible_bounds_width": 6,
				"visible_bounds_height": 4.5,
				"visible_bounds_offset": [0, 1.75, 0]
			},
			"bones": [
				{
					"name": "victini",
					"pivot": [0, 0, 0]
				},
				{
					"name": "body",
					"parent": "victini",
					"pivot": [0, 0, 0]
				},
				{
					"name": "torso",
					"parent": "body",
					"pivot": [0, 0, 0],
					"cubes": [
						{"origin": [-3.5, 1, -3.7], "size": [7, 13, 7], "uv": [0, 53]}
					]
				},
				{
					"name": "head",
					"parent": "torso",
					"pivot": [0, 21.5, -0.6],
					"cubes": [
						{"origin": [-8, 14, -7.1], "size": [16, 13, 13], "uv": [0, 13]}
					]
				},
				{
					"name": "nose",
					"parent": "head",
					"pivot": [-0.1, 18.8, -7.125],
					"cubes": [
						{"origin": [-0.6, 18.1, -7.12], "size": [1, 1, 0], "uv": [57, 72]},
						{"origin": [-1.1, 18.5, -7.13], "size": [2, 1, 0], "uv": [78, 24]}
					]
				},
				{
					"name": "ear",
					"parent": "head",
					"pivot": [0, 0, 0]
				},
				{
					"name": "left_ear",
					"parent": "ear",
					"pivot": [-11.11553, 33.26983, 0.91773],
					"cubes": [
						{"origin": [-37.2, 25.6, -7.2], "size": [39, 12, 0], "pivot": [-6.2, 26.6, -6.2], "rotation": [-31.58459, 18.9256, 27.31812], "uv": [0, 0]},
						{"origin": [-7.17, 25, -7.4], "size": [9, 0, 4], "pivot": [-6.2, 26, -5.4], "rotation": [-31.58459, 18.9256, 27.31812], "uv": [69, 51]},
						{"origin": [-30.20302, 29.60597, 5.81], "size": [34, 12, 0], "pivot": [-13.20302, 35.60597, 5.86399], "rotation": [30.91541, 18.9256, 27.31812], "uv": [0, 40]},
						{"origin": [-6.29124, 26.3, -6.19335], "size": [3, 31, 0], "pivot": [-5.29124, 27.3, -6.19335], "rotation": [-47.9614, -50.67855, -3.3609], "uv": [29, 69], "mirror": true},
						{"origin": [-14.98954, 21.35568, 2.45], "size": [0, 32, 4], "pivot": [-14.98954, 37.35568, 4.37422], "rotation": [-6.7, -11.11406, -42.20052], "uv": [60, 53]},
						{"origin": [-2.9, 26.2, -6.3], "size": [0, 17, 9], "pivot": [-1.9, 26.2, -2.3], "rotation": [-27.49643, -0.46173, -43.38703], "uv": [59, 13]}
					]
				},
				{
					"name": "right_ear",
					"parent": "ear",
					"pivot": [11.11553, 33.26983, 0.91773],
					"cubes": [
						{"origin": [-1.8, 25.6, -7.2], "size": [39, 12, 0], "pivot": [6.2, 26.6, -6.2], "rotation": [-31.58459, -18.9256, -27.31812], "uv": [0, 0], "mirror": true},
						{"origin": [-1.83, 25, -7.4], "size": [9, 0, 4], "pivot": [6.2, 26, -5.4], "rotation": [-31.58459, -18.9256, -27.31812], "uv": [69, 51], "mirror": true},
						{"origin": [-3.79698, 29.60597, 5.81], "size": [34, 12, 0], "pivot": [13.20302, 35.60597, 5.86399], "rotation": [30.91541, -18.9256, -27.31812], "uv": [0, 40], "mirror": true},
						{"origin": [3.29124, 26.3, -6.19335], "size": [3, 31, 0], "pivot": [5.29124, 27.3, -6.19335], "rotation": [-47.9614, 50.67855, 3.3609], "uv": [29, 69]},
						{"origin": [14.98954, 21.35568, 2.45], "size": [0, 32, 4], "pivot": [14.98954, 37.35568, 4.37422], "rotation": [-6.7, 11.11406, 42.20052], "uv": [60, 53], "mirror": true},
						{"origin": [2.9, 26.2, -6.3], "size": [0, 17, 9], "pivot": [1.9, 26.2, -2.3], "rotation": [-27.49643, 0.46173, 43.38703], "uv": [59, 13], "mirror": true}
					]
				},
				{
					"name": "eye",
					"parent": "head",
					"pivot": [0, 0, 0]
				},
				{
					"name": "left_eye",
					"parent": "eye",
					"pivot": [0, 0, 0],
					"cubes": [
						{"origin": [-6.7, 18, -7.13], "size": [4, 4, 0], "uv": [69, 70]},
						{"origin": [-6.7, 21.4, -7.12], "size": [4, 1, 0], "uv": [45, 76]}
					]
				},
				{
					"name": "white2",
					"parent": "left_eye",
					"pivot": [-4.96667, 20.83333, -7.13333],
					"cubes": [
						{"origin": [-5.7, 20, -7.15], "size": [2, 2, 0], "uv": [78, 21]}
					]
				},
				{
					"name": "right_eye",
					"parent": "eye",
					"pivot": [0, 0, 0],
					"cubes": [
						{"origin": [2.7, 18, -7.13], "size": [4, 4, 0], "uv": [69, 70], "mirror": true},
						{"origin": [2.7, 21.4, -7.12], "size": [4, 1, 0], "uv": [45, 76], "mirror": true}
					]
				},
				{
					"name": "white",
					"parent": "right_eye",
					"pivot": [4.96667, 20.83333, -7.13333],
					"cubes": [
						{"origin": [3.7, 20, -7.15], "size": [2, 2, 0], "uv": [78, 21], "mirror": true}
					]
				},
				{
					"name": "emote",
					"parent": "eye",
					"pivot": [0, 0, 0]
				},
				{
					"name": "sad",
					"parent": "emote",
					"pivot": [0, 0, 0]
				},
				{
					"name": "left_sad",
					"parent": "sad",
					"pivot": [-5.1, 21.8, -6.17],
					"cubes": [
						{"origin": [-7.1, 20.3, -6.17], "size": [4, 3, 0], "uv": [69, 75]}
					]
				},
				{
					"name": "right_sad",
					"parent": "sad",
					"pivot": [5.1, 21.8, -6.17],
					"cubes": [
						{"origin": [3.1, 20.3, -6.17], "size": [4, 3, 0], "uv": [69, 75], "mirror": true}
					]
				},
				{
					"name": "happy",
					"parent": "emote",
					"pivot": [0, 0, 0]
				},
				{
					"name": "left_happy",
					"parent": "happy",
					"pivot": [0, 0, 0],
					"cubes": [
						{"origin": [-7, 19, -6.13], "size": [5, 2, 0], "uv": [78, 32]}
					]
				},
				{
					"name": "right_happy",
					"parent": "happy",
					"pivot": [4.5, 20, -6.13],
					"cubes": [
						{"origin": [2, 19, -6.13], "size": [5, 2, 0], "uv": [78, 32], "mirror": true}
					]
				},
				{
					"name": "angry",
					"parent": "emote",
					"pivot": [0, 0, 1]
				},
				{
					"name": "left_angry",
					"parent": "angry",
					"pivot": [-3.5, 21.8, -6.17],
					"cubes": [
						{"origin": [-5.5, 20.3, -6.17], "size": [4, 3, 0], "uv": [20, 74]}
					]
				},
				{
					"name": "right_angry",
					"parent": "angry",
					"pivot": [3.5, 21.8, -6.17],
					"cubes": [
						{"origin": [1.5, 20.3, -6.17], "size": [4, 3, 0], "uv": [20, 74], "mirror": true}
					]
				},
				{
					"name": "sleepy",
					"parent": "emote",
					"pivot": [0, 0, 1]
				},
				{
					"name": "left_sleepy",
					"parent": "sleepy",
					"pivot": [0, 0, 1],
					"cubes": [
						{"origin": [-6, 17, -6.13], "size": [5, 2, 0], "pivot": [-4, 19, -6.13], "rotation": [0, 0, -180], "uv": [78, 32]}
					]
				},
				{
					"name": "right_sleepy",
					"parent": "sleepy",
					"pivot": [0, 0, 1],
					"cubes": [
						{"origin": [3, 17, -6.13], "size": [5, 2, 0], "pivot": [5, 19, -6.13], "rotation": [0, 0, -180], "uv": [78, 32], "mirror": true}
					]
				},
				{
					"name": "mouth",
					"parent": "head",
					"pivot": [0, 0, 0]
				},
				{
					"name": "close",
					"parent": "mouth",
					"pivot": [-0.02, 17.08, -7.132],
					"cubes": [
						{"origin": [-2.5, 16.5, -7.14], "size": [5, 1, 0], "uv": [9, 74]},
						{"origin": [-2, 17, -7.15], "size": [4, 1, 0], "uv": [36, 76]},
						{"origin": [1.3, 16.4, -7.12], "size": [1, 1, 0], "pivot": [1.8, 16.9, -7.2], "rotation": [0, 0, 45], "uv": [57, 74]},
						{"origin": [1.3, 16.3, -7.112], "size": [1, 1, 0], "pivot": [1.8, 16.8, -7.2], "rotation": [0, 0, 45], "uv": [78, 28]},
						{"origin": [-2.3, 16.3, -7.112], "size": [1, 1, 0], "pivot": [-1.8, 16.8, -7.2], "rotation": [0, 0, 45], "uv": [78, 28]},
						{"origin": [-2.3, 16.4, -7.12], "size": [1, 1, 0], "pivot": [-1.8, 16.9, -7.2], "rotation": [0, 0, -45], "uv": [25, 78]},
						{"origin": [-3.1, 16.5, -7.13], "size": [6, 1, 0], "uv": [69, 68]}
					]
				},
				{
					"name": "close2",
					"parent": "mouth",
					"pivot": [-0.02, 16.58, -6.132],
					"cubes": [
						{"origin": [-2.5, 16, -6.14], "size": [5, 1, 0], "uv": [9, 74]},
						{"origin": [-1.5, 15.5, -6.15], "size": [3, 1, 0], "uv": [18, 78]},
						{"origin": [1.5, 15.8, -6.12], "size": [1, 1, 0], "pivot": [2, 16.3, -6.2], "rotation": [0, 0, 45], "uv": [57, 74]},
						{"origin": [-2.5, 15.8, -6.12], "size": [1, 1, 0], "pivot": [-2, 16.3, -6.2], "rotation": [0, 0, -45], "uv": [25, 78]},
						{"origin": [-3.1, 16, -6.13], "size": [6, 1, 0], "uv": [69, 68]},
						{"origin": [1.5, 15.7, -6.112], "size": [1, 1, 0], "pivot": [2, 16.2, -6.1], "rotation": [0, 0, 45], "uv": [78, 28]},
						{"origin": [-2.5, 15.7, -6.112], "size": [1, 1, 0], "pivot": [-2, 16.2, -6.1], "rotation": [0, 0, 45], "uv": [78, 28]}
					]
				},
				{
					"name": "open",
					"parent": "mouth",
					"pivot": [0.025, 15.375, -7.13225],
					"cubes": [
						{"origin": [-2, 14.5, -6.119], "size": [4, 2, 0], "uv": [9, 76]},
						{"origin": [-3.3, 14, -6.13], "size": [2, 1, 0], "uv": [78, 24]},
						{"origin": [1.4, 14, -6.13], "size": [2, 1, 0], "uv": [78, 24]},
						{"origin": [2, 16, -6.15], "size": [1, 1, 0], "uv": [78, 26]},
						{"origin": [-3, 16, -6.15], "size": [1, 1, 0], "uv": [78, 26]},
						{"origin": [-1.5, 15.5, -6.14], "size": [3, 1, 0], "uv": [78, 19]},
						{"origin": [-2, 16.1, -6.15], "size": [4, 1, 0], "uv": [78, 13]},
						{"origin": [-1.9, 16.8, -6.17], "size": [1, 1, 0], "pivot": [-1.4, 17.3, -6.3], "rotation": [0, 0, -45], "uv": [25, 78]},
						{"origin": [-1.9, 16.7, -6.16], "size": [1, 1, 0], "pivot": [-1.4, 17.2, -6.3], "rotation": [0, 0, 45], "uv": [78, 28]},
						{"origin": [0.9, 16.8, -6.17], "size": [1, 1, 0], "pivot": [1.4, 17.3, -6.3], "rotation": [0, 0, 45], "uv": [57, 74]},
						{"origin": [0.9, 16.7, -6.16], "size": [1, 1, 0], "pivot": [1.4, 17.2, -6.3], "rotation": [0, 0, 45], "uv": [78, 28]},
						{"origin": [-2, 17, -6.18], "size": [4, 1, 0], "uv": [36, 76]}
					]
				},
				{
					"name": "nose2",
					"parent": "head",
					"pivot": [0.1, 18.8, -7.125],
					"cubes": [
						{"origin": [-0.4, 18.1, -7.12], "size": [1, 1, 0], "uv": [57, 72], "mirror": true},
						{"origin": [-0.9, 18.5, -7.13], "size": [2, 1, 0], "uv": [78, 24], "mirror": true}
					]
				},
				{
					"name": "wing",
					"parent": "torso",
					"pivot": [0, 0, 0]
				},
				{
					"name": "left_wing",
					"parent": "wing",
					"pivot": [-2, 7.5, 3.32],
					"cubes": [
						{"origin": [-18, 3, 3.32], "size": [16, 10, 0], "uv": [69, 40]}
					]
				},
				{
					"name": "right_wing",
					"parent": "wing",
					"pivot": [2, 7.5, 3.32],
					"cubes": [
						{"origin": [2, 3, 3.32], "size": [16, 10, 0], "uv": [69, 40], "mirror": true}
					]
				},
				{
					"name": "arm",
					"parent": "torso",
					"pivot": [0, 0, 0]
				},
				{
					"name": "left_arm",
					"parent": "arm",
					"pivot": [-3.5, 13, 0],
					"cubes": [
						{"origin": [-9.5, 12, -1], "size": [6, 2, 2], "uv": [69, 63]}
					]
				},
				{
					"name": "left_arm2",
					"parent": "left_arm",
					"pivot": [-10, 13.1, 0.2],
					"cubes": [
						{"origin": [-16.5, 11.6, -1.3], "size": [7, 3, 3], "uv": [36, 69]}
					]
				},
				{
					"name": "left_hand",
					"parent": "left_arm2",
					"pivot": [-17, 13.1, 0.2],
					"cubes": [
						{"origin": [-17.5, 12.1, -0.3], "size": [1, 2, 1], "uv": [54, 76]}
					]
				},
				{
					"name": "left_thumb",
					"parent": "left_hand",
					"pivot": [-17, 14, 0.2],
					"cubes": [
						{"origin": [-17.5, 14, 0.2], "size": [1, 2, 0], "uv": [57, 69]}
					]
				},
				{
					"name": "left_finger1",
					"parent": "left_hand",
					"pivot": [-18, 13.7, 0.6],
					"cubes": [
						{"origin": [-20.5, 13.2, 0.6], "size": [3, 1, 0], "uv": [78, 15]}
					]
				},
				{
					"name": "left_finger2",
					"parent": "left_hand",
					"pivot": [-18, 12.5, 0.6],
					"cubes": [
						{"origin": [-20.5, 12, 0.6], "size": [3, 1, 0], "uv": [78, 17]}
					]
				},
				{
					"name": "right_arm",
					"parent": "arm",
					"pivot": [3.5, 13, 0],
					"cubes": [
						{"origin": [3.5, 12, -1], "size": [6, 2, 2], "uv": [69, 63], "mirror": true}
					]
				},
				{
					"name": "right_arm2",
					"parent": "right_arm",
					"pivot": [10, 13.1, 0.2],
					"cubes": [
						{"origin": [9.5, 11.6, -1.3], "size": [7, 3, 3], "uv": [36, 69], "mirror": true}
					]
				},
				{
					"name": "right_hand",
					"parent": "right_arm2",
					"pivot": [17, 13.1, 0.2],
					"cubes": [
						{"origin": [16.5, 12.1, -0.3], "size": [1, 2, 1], "uv": [54, 76], "mirror": true}
					]
				},
				{
					"name": "right_thumb",
					"parent": "right_hand",
					"pivot": [17, 14, 0.2],
					"cubes": [
						{"origin": [16.5, 14, 0.2], "size": [1, 2, 0], "uv": [57, 69], "mirror": true}
					]
				},
				{
					"name": "right_finger1",
					"parent": "right_hand",
					"pivot": [18, 13.7, 0.6],
					"cubes": [
						{"origin": [17.5, 13.2, 0.6], "size": [3, 1, 0], "uv": [78, 15], "mirror": true}
					]
				},
				{
					"name": "right_finger2",
					"parent": "right_hand",
					"pivot": [18, 12.5, 0.6],
					"cubes": [
						{"origin": [17.5, 12, 0.6], "size": [3, 1, 0], "uv": [78, 17], "mirror": true}
					]
				},
				{
					"name": "left_thigh",
					"parent": "body",
					"pivot": [-6.5, 4.5, -1],
					"cubes": [
						{"origin": [-10, 1, -5], "size": [7, 7, 8], "uv": [29, 53]}
					]
				},
				{
					"name": "left_feet",
					"parent": "left_thigh",
					"pivot": [-7.1, 0.5, -4.5],
					"cubes": [
						{"origin": [-8.6, 0, -7], "size": [3, 1, 5], "uv": [69, 56]}
					]
				},
				{
					"name": "right_thigh",
					"parent": "body",
					"pivot": [6.5, 4.5, -1],
					"cubes": [
						{"origin": [3, 1, -5], "size": [7, 7, 8], "uv": [29, 53], "mirror": true}
					]
				},
				{
					"name": "right_feet",
					"parent": "right_thigh",
					"pivot": [7.1, 0.5, -4.5],
					"cubes": [
						{"origin": [5.6, 0, -7], "size": [3, 1, 5], "uv": [69, 56], "mirror": true}
					]
				}
			]
		}
	]
}