{
	"credit": "Made with Blockbench",
	"parent": "minecraft:item/generated",
	"textures": {
		"layer0": "oceansdelight:item/baked_tentacle_on_a_stick"
	},
	"elements": [
		{
			"name": "baked_tentacle_on_a_stick_0",
			"from": [13.25, 0, 7.5],
			"to": [15.25, 5, 8.5],
			"rotation": {"angle": 0, "axis": "y", "origin": [14.25, 0, 7.5]},
			"faces": {
				"north": {"uv": [1, 10, 3, 15], "texture": "#0"},
				"east": {"uv": [1, 10, 2, 15], "texture": "#0"},
				"south": {"uv": [3, 10, 1, 15], "texture": "#0"},
				"west": {"uv": [2, 10, 3, 15], "texture": "#0"},
				"up": {"uv": [3, 10, 1, 11], "texture": "#0"},
				"down": {"uv": [1, 14, 3, 15], "texture": "#0"}
			}
		},
		{
			"name": "baked_tentacle_on_a_stick_1",
			"from": [8.25, 1, 7.5],
			"to": [13.25, 5, 8.5],
			"rotation": {"angle": 0, "axis": "y", "origin": [12.25, 0, 7.5]},
			"faces": {
				"north": {"uv": [3, 10, 8, 14], "texture": "#0"},
				"east": {"uv": [4, 10, 3, 14], "texture": "#0"},
				"south": {"uv": [8, 10, 3, 14], "texture": "#0"},
				"west": {"uv": [8, 10, 7, 14], "texture": "#0"},
				"up": {"uv": [8, 10, 3, 11], "texture": "#0"},
				"down": {"uv": [8, 13, 3, 14], "texture": "#0"}
			}
		},
		{
			"name": "baked_tentacle_on_a_stick_2",
			"from": [7.25, 2, 7.5],
			"to": [8.25, 5, 8.5],
			"rotation": {"angle": 0, "axis": "y", "origin": [12.25, 0, 7.5]},
			"faces": {
				"north": {"uv": [8, 10, 9, 13], "texture": "#0"},
				"east": {"uv": [0, 0, 1, 1], "texture": "#0"},
				"south": {"uv": [8, 10, 9, 13], "texture": "#0"},
				"west": {"uv": [0, 0, 1, 1], "texture": "#0"},
				"up": {"uv": [8, 10, 9, 11], "texture": "#0"},
				"down": {"uv": [8, 12, 9, 13], "texture": "#0"}
			}
		},
		{
			"name": "baked_tentacle_on_a_stick_3",
			"from": [6.25, 3, 7.5],
			"to": [7.25, 5, 8.5],
			"rotation": {"angle": 0, "axis": "y", "origin": [12.25, 0, 7.5]},
			"faces": {
				"north": {"uv": [9, 10, 10, 12], "texture": "#0"},
				"east": {"uv": [9, 10, 10, 12], "texture": "#0"},
				"south": {"uv": [9, 10, 10, 12], "texture": "#0"},
				"west": {"uv": [9, 10, 10, 12], "texture": "#0"},
				"up": {"uv": [9, 10, 10, 11], "texture": "#0"},
				"down": {"uv": [9, 11, 10, 12], "texture": "#0"}
			}
		},
		{
			"name": "baked_tentacle_on_a_stick_4",
			"from": [6.25, 5, 7.5],
			"to": [14.25, 6, 8.5],
			"rotation": {"angle": 0, "axis": "y", "origin": [12.25, 0, 7.5]},
			"faces": {
				"north": {"uv": [2, 9, 10, 10], "texture": "#0"},
				"east": {"uv": [2, 9, 3, 10], "texture": "#0"},
				"south": {"uv": [10, 9, 2, 10], "texture": "#0"},
				"west": {"uv": [9, 9, 10, 10], "texture": "#0"},
				"up": {"uv": [10, 9, 2, 10], "texture": "#0"},
				"down": {"uv": [10, 9, 2, 10], "texture": "#0"}
			}
		},
		{
			"name": "baked_tentacle_on_a_stick_5",
			"from": [3.25, 6, 7.5],
			"to": [12.25, 7, 8.5],
			"rotation": {"angle": 0, "axis": "y", "origin": [10.25, 1, 7.5]},
			"faces": {
				"north": {"uv": [4, 8, 13, 9], "texture": "#0"},
				"east": {"uv": [4, 8, 5, 9], "texture": "#0"},
				"south": {"uv": [13, 8, 4, 9], "texture": "#0"},
				"west": {"uv": [12, 8, 13, 9], "texture": "#0"},
				"up": {"uv": [13, 8, 4, 9], "texture": "#0"},
				"down": {"uv": [13, 8, 4, 9], "texture": "#0"}
			}
		},
		{
			"name": "baked_tentacle_on_a_stick_6",
			"from": [2.25, 7, 7.5],
			"to": [12.25, 9, 8.5],
			"rotation": {"angle": 0, "axis": "y", "origin": [10.25, 2, 7.5]},
			"faces": {
				"north": {"uv": [4, 6, 14, 8], "texture": "#0"},
				"east": {"uv": [4, 6, 5, 8], "texture": "#0"},
				"south": {"uv": [14, 6, 4, 8], "texture": "#0"},
				"west": {"uv": [13, 6, 14, 8], "texture": "#0"},
				"up": {"uv": [14, 6, 4, 7], "texture": "#0"},
				"down": {"uv": [14, 7, 4, 8], "texture": "#0"}
			}
		},
		{
			"name": "baked_tentacle_on_a_stick_7",
			"from": [2.25, 9, 7.5],
			"to": [11.25, 10, 8.5],
			"rotation": {"angle": 0, "axis": "y", "origin": [9.25, 4, 7.5]},
			"faces": {
				"north": {"uv": [5, 5, 14, 6], "texture": "#0"},
				"east": {"uv": [5, 5, 6, 6], "texture": "#0"},
				"south": {"uv": [14, 5, 5, 6], "texture": "#0"},
				"west": {"uv": [13, 5, 14, 6], "texture": "#0"},
				"up": {"uv": [14, 5, 5, 6], "texture": "#0"},
				"down": {"uv": [14, 5, 5, 6], "texture": "#0"}
			}
		},
		{
			"name": "baked_tentacle_on_a_stick_8",
			"from": [8.25, 10, 7.5],
			"to": [10.25, 11, 8.5],
			"rotation": {"angle": 0, "axis": "y", "origin": [8.25, 5, 7.5]},
			"faces": {
				"north": {"uv": [6, 4, 8, 5], "texture": "#0"},
				"east": {"uv": [6, 4, 7, 5], "texture": "#0"},
				"south": {"uv": [6, 4, 8, 5], "texture": "#0"},
				"west": {"uv": [7, 4, 8, 5], "texture": "#0"},
				"up": {"uv": [6, 4, 8, 5], "texture": "#0"},
				"down": {"uv": [6, 4, 8, 5], "texture": "#0"}
			}
		},
		{
			"name": "baked_tentacle_on_a_stick_9",
			"from": [2.25, 10, 7.5],
			"to": [8.25, 13, 8.5],
			"rotation": {"angle": 0, "axis": "y", "origin": [6.25, 5, 7.5]},
			"faces": {
				"north": {"uv": [8, 2, 14, 5], "texture": "#0"},
				"east": {"uv": [8, 2, 9, 5], "texture": "#0"},
				"south": {"uv": [14, 2, 8, 5], "texture": "#0"},
				"west": {"uv": [13, 2, 14, 5], "texture": "#0"},
				"up": {"uv": [14, 2, 8, 3], "texture": "#0"},
				"down": {"uv": [14, 4, 8, 5], "texture": "#0"}
			}
		},
		{
			"name": "baked_tentacle_on_a_stick_10",
			"from": [2.25, 13, 7.5],
			"to": [7.25, 14, 8.5],
			"rotation": {"angle": 0, "axis": "y", "origin": [6.25, 5, 7.5]},
			"faces": {
				"north": {"uv": [9, 1, 14, 2], "texture": "#0"},
				"east": {"uv": [10, 1, 9, 2], "texture": "#0"},
				"south": {"uv": [14, 1, 9, 2], "texture": "#0"},
				"west": {"uv": [14, 1, 13, 2], "texture": "#0"},
				"up": {"uv": [14, 1, 9, 2], "texture": "#0"},
				"down": {"uv": [14, 1, 9, 2], "texture": "#0"}
			}
		},
		{
			"name": "baked_tentacle_on_a_stick_11",
			"from": [1.25, 8, 7.5],
			"to": [2.25, 12, 8.5],
			"rotation": {"angle": 0, "axis": "y", "origin": [5.25, 0, 7.5]},
			"faces": {
				"north": {"uv": [14, 3, 15, 7], "texture": "#0"},
				"east": {"uv": [14, 3, 15, 7], "texture": "#0"},
				"south": {"uv": [14, 3, 15, 7], "texture": "#0"},
				"west": {"uv": [14, 3, 15, 7], "texture": "#0"},
				"up": {"uv": [14, 3, 15, 4], "texture": "#0"},
				"down": {"uv": [14, 6, 15, 7], "texture": "#0"}
			}
		}
	],
	"groups": [
		{
			"name": "baked_tentacle_on_a_stick",
			"origin": [22.25, 8, 15.5],
			"color": 0,
			"children": [0, 1, 2, 3, 4, 5, 6, 7, 8, 9, 10, 11]
		}
	]
}