{
	"credit": "Made with Blockbench",
	"parent": "minecraft:item/generated",
	"textures": {
		"layer0": "oceansdelight:item/tentacles"
	},
	"elements": [
		{
			"name": "tentacles_0",
			"from": [2.5, 1, 7.5],
			"to": [7.5, 7, 8.5],
			"rotation": {"angle": 0, "axis": "y", "origin": [2.5, 1, 7.5]},
			"faces": {
				"north": {"uv": [9, 9, 14, 15], "texture": "#0"},
				"east": {"uv": [9, 9, 10, 15], "texture": "#0"},
				"south": {"uv": [14, 9, 9, 15], "texture": "#0"},
				"west": {"uv": [13, 9, 14, 15], "texture": "#0"},
				"up": {"uv": [9, 9, 14, 10], "texture": "#0"},
				"down": {"uv": [9, 14, 14, 15], "texture": "#0"}
			}
		},
		{
			"name": "tentacles_1",
			"from": [1.5, 2, 7.5],
			"to": [2.5, 6, 8.5],
			"rotation": {"angle": 0, "axis": "y", "origin": [2.5, 1, 7.5]},
			"faces": {
				"north": {"uv": [14, 10, 15, 14], "texture": "#0"},
				"east": {"uv": [14, 10, 15, 14], "texture": "#0"},
				"south": {"uv": [14, 10, 15, 14], "texture": "#0"},
				"west": {"uv": [14, 10, 15, 14], "texture": "#0"},
				"up": {"uv": [14, 10, 15, 11], "texture": "#0"},
				"down": {"uv": [14, 13, 15, 14], "texture": "#0"}
			}
		},
		{
			"name": "tentacles_2",
			"from": [7.5, 1, 7.5],
			"to": [9.5, 6, 8.5],
			"rotation": {"angle": 0, "axis": "y", "origin": [8.5, 1, 7.5]},
			"faces": {
				"north": {"uv": [7, 10, 9, 15], "texture": "#0"},
				"east": {"uv": [7, 10, 8, 15], "texture": "#0"},
				"south": {"uv": [9, 10, 7, 15], "texture": "#0"},
				"west": {"uv": [8, 10, 9, 15], "texture": "#0"},
				"up": {"uv": [7, 10, 9, 11], "texture": "#0"},
				"down": {"uv": [7, 14, 9, 15], "texture": "#0"}
			}
		},
		{
			"name": "tentacles_3",
			"from": [9.5, 2, 7.5],
			"to": [12.5, 6, 8.5],
			"rotation": {"angle": 0, "axis": "y", "origin": [10.5, 1, 7.5]},
			"faces": {
				"north": {"uv": [4, 10, 7, 14], "texture": "#0"},
				"east": {"uv": [4, 10, 5, 14], "texture": "#0"},
				"south": {"uv": [7, 10, 4, 14], "texture": "#0"},
				"west": {"uv": [6, 10, 7, 14], "texture": "#0"},
				"up": {"uv": [7, 10, 4, 11], "texture": "#0"},
				"down": {"uv": [4, 13, 7, 14], "texture": "#0"}
			}
		},
		{
			"name": "tentacles_4",
			"from": [12.5, 3, 7.5],
			"to": [13.5, 6, 8.5],
			"rotation": {"angle": 0, "axis": "y", "origin": [11.5, 1, 7.5]},
			"faces": {
				"north": {"uv": [3, 10, 4, 13], "texture": "#0"},
				"east": {"uv": [3, 10, 4, 13], "texture": "#0"},
				"south": {"uv": [3, 10, 4, 13], "texture": "#0"},
				"west": {"uv": [3, 10, 4, 13], "texture": "#0"},
				"up": {"uv": [3, 10, 4, 11], "texture": "#0"},
				"down": {"uv": [3, 13, 4, 12], "texture": "#0"}
			}
		},
		{
			"name": "tentacles_5",
			"from": [13.5, 4, 7.5],
			"to": [14.5, 6, 8.5],
			"rotation": {"angle": 0, "axis": "y", "origin": [12.5, 1, 7.5]},
			"faces": {
				"north": {"uv": [2, 10, 3, 12], "texture": "#0"},
				"east": {"uv": [2, 10, 3, 12], "texture": "#0"},
				"south": {"uv": [2, 10, 3, 12], "texture": "#0"},
				"west": {"uv": [2, 10, 3, 12], "texture": "#0"},
				"up": {"uv": [2, 10, 3, 11], "texture": "#0"},
				"down": {"uv": [2, 11, 3, 12], "texture": "#0"}
			}
		},
		{
			"name": "tentacles_6",
			"from": [9.5, 6, 7.5],
			"to": [14.5, 7, 8.5],
			"rotation": {"angle": 0, "axis": "y", "origin": [12.5, 3, 7.5]},
			"faces": {
				"north": {"uv": [2, 9, 7, 10], "texture": "#0"},
				"east": {"uv": [2, 9, 3, 10], "texture": "#0"},
				"south": {"uv": [7, 9, 2, 10], "texture": "#0"},
				"west": {"uv": [6, 9, 7, 10], "texture": "#0"},
				"up": {"uv": [7, 9, 2, 10], "texture": "#0"},
				"down": {"uv": [2, 9, 7, 10], "texture": "#0"}
			}
		},
		{
			"name": "tentacles_7",
			"from": [10.5, 7, 7.5],
			"to": [15.5, 10, 8.5],
			"rotation": {"angle": 0, "axis": "y", "origin": [13.5, 4, 7.5]},
			"faces": {
				"north": {"uv": [1, 6, 6, 9], "texture": "#0"},
				"east": {"uv": [1, 6, 2, 9], "texture": "#0"},
				"south": {"uv": [6, 6, 1, 9], "texture": "#0"},
				"west": {"uv": [5, 6, 6, 9], "texture": "#0"},
				"up": {"uv": [6, 6, 1, 7], "texture": "#0"},
				"down": {"uv": [1, 8, 6, 9], "texture": "#0"}
			}
		},
		{
			"name": "tentacles_8",
			"from": [8.5, 10, 7.5],
			"to": [15.5, 11, 8.5],
			"rotation": {"angle": 0, "axis": "y", "origin": [13.5, 4, 7.5]},
			"faces": {
				"north": {"uv": [1, 5, 8, 6], "texture": "#0"},
				"east": {"uv": [1, 5, 2, 6], "texture": "#0"},
				"south": {"uv": [8, 5, 1, 6], "texture": "#0"},
				"west": {"uv": [7, 5, 8, 6], "texture": "#0"},
				"up": {"uv": [8, 5, 1, 6], "texture": "#0"},
				"down": {"uv": [8, 5, 1, 6], "texture": "#0"}
			}
		},
		{
			"name": "tentacles_9",
			"from": [3.5, 11, 7.5],
			"to": [14.5, 12, 8.5],
			"rotation": {"angle": 0, "axis": "y", "origin": [13.5, 4, 7.5]},
			"faces": {
				"north": {"uv": [2, 4, 13, 5], "texture": "#0"},
				"east": {"uv": [2, 4, 3, 5], "texture": "#0"},
				"south": {"uv": [13, 4, 2, 5], "texture": "#0"},
				"west": {"uv": [12, 4, 13, 5], "texture": "#0"},
				"up": {"uv": [13, 4, 2, 5], "texture": "#0"},
				"down": {"uv": [13, 4, 2, 5], "texture": "#0"}
			}
		},
		{
			"name": "tentacles_10",
			"from": [4.5, 12, 7.5],
			"to": [13.5, 13, 8.5],
			"rotation": {"angle": 0, "axis": "y", "origin": [13.5, 4, 7.5]},
			"faces": {
				"north": {"uv": [3, 3, 12, 4], "texture": "#0"},
				"east": {"uv": [3, 3, 4, 4], "texture": "#0"},
				"south": {"uv": [12, 3, 3, 4], "texture": "#0"},
				"west": {"uv": [11, 3, 12, 4], "texture": "#0"},
				"up": {"uv": [12, 3, 3, 4], "texture": "#0"},
				"down": {"uv": [3, 3, 12, 4], "texture": "#0"}
			}
		},
		{
			"name": "tentacles_11",
			"from": [5.5, 13, 7.5],
			"to": [12.5, 14, 8.5],
			"rotation": {"angle": 0, "axis": "y", "origin": [13.5, 4, 7.5]},
			"faces": {
				"north": {"uv": [4, 2, 11, 3], "texture": "#0"},
				"east": {"uv": [4, 2, 5, 3], "texture": "#0"},
				"south": {"uv": [11, 2, 4, 3], "texture": "#0"},
				"west": {"uv": [10, 2, 11, 3], "texture": "#0"},
				"up": {"uv": [11, 2, 4, 3], "texture": "#0"},
				"down": {"uv": [4, 2, 11, 3], "texture": "#0"}
			}
		},
		{
			"name": "tentacles_12",
			"from": [3.5, 9, 7.5],
			"to": [6.5, 11, 8.5],
			"rotation": {"angle": 0, "axis": "y", "origin": [13.5, 4, 7.5]},
			"faces": {
				"north": {"uv": [10, 5, 13, 7], "texture": "#0"},
				"east": {"uv": [10, 5, 11, 7], "texture": "#0"},
				"south": {"uv": [10, 5, 13, 7], "texture": "#0"},
				"west": {"uv": [12, 5, 13, 7], "texture": "#0"},
				"up": {"uv": [10, 5, 13, 7], "texture": "#0"},
				"down": {"uv": [10, 5, 13, 7], "texture": "#0"}
			}
		},
		{
			"name": "tentacles_13",
			"from": [4.5, 8, 7.5],
			"to": [5.5, 9, 8.5],
			"rotation": {"angle": 0, "axis": "y", "origin": [13.5, 3, 7.5]},
			"faces": {
				"north": {"uv": [11, 7, 12, 8], "texture": "#0"},
				"east": {"uv": [11, 7, 12, 8], "texture": "#0"},
				"south": {"uv": [11, 7, 12, 8], "texture": "#0"},
				"west": {"uv": [11, 7, 12, 8], "texture": "#0"},
				"up": {"uv": [11, 7, 12, 8], "texture": "#0"},
				"down": {"uv": [11, 7, 12, 8], "texture": "#0"}
			}
		},
		{
			"name": "tentacles_14",
			"from": [6.5, 14, 7.5],
			"to": [10.5, 15, 8.5],
			"rotation": {"angle": 0, "axis": "y", "origin": [13.5, 5, 7.5]},
			"faces": {
				"north": {"uv": [6, 1, 10, 2], "texture": "#0"},
				"east": {"uv": [6, 1, 7, 2], "texture": "#0"},
				"south": {"uv": [10, 1, 6, 2], "texture": "#0"},
				"west": {"uv": [9, 1, 10, 2], "texture": "#0"},
				"up": {"uv": [10, 1, 6, 2], "texture": "#0"},
				"down": {"uv": [6, 1, 10, 2], "texture": "#0"}
			}
		}
	],
	"groups": [
		{
			"name": "tentacles",
			"origin": [2.5, 0, 7.5],
			"color": 0,
			"children": [0, 1, 2, 3, 4, 5, 6, 7, 8, 9, 10, 11, 12, 13, 14]
		}
	]
}