{
    "textures": {
        "particle": "block/chiseled_quartz_block",
        "log": "block/chiseled_quartz_block",
        "planks": "block/chiseled_quartz_block",
        "top": "farmingforblockheads:block/market_top",
        "roof": "farmingforblockheads:block/market_roof"
    },
    "elements": [
        {
            "name": "wallEast",
            "from": [
                14,
                0,
                1
            ],
            "to": [
                15,
                14,
                15
            ],
            "faces": {
                "down": {
                    "uv": [
                        1,
                        15,
                        15,
                        16
                    ],
                    "texture": "#log",
                    "rotation": 90
                },
                "north": {
                    "uv": [
                        1,
                        2,
                        2,
                        16
                    ],
                    "texture": "#log"
                },
                "south": {
                    "uv": [
                        14,
                        2,
                        15,
                        16
                    ],
                    "texture": "#log"
                },
                "west": {
                    "uv": [
                        1,
                        2,
                        15,
                        16
                    ],
                    "texture": "#log"
                },
                "east": {
                    "uv": [
                        1,
                        2,
                        15,
                        16
                    ],
                    "texture": "#log"
                }
            }
        },
        {
            "name": "wallWest",
            "from": [
                1,
                0,
                1
            ],
            "to": [
                2,
                14,
                15
            ],
            "faces": {
                "down": {
                    "uv": [
                        1,
                        15,
                        15,
                        16
                    ],
                    "texture": "#log",
                    "rotation": 90
                },
                "north": {
                    "uv": [
                        14,
                        2,
                        15,
                        16
                    ],
                    "texture": "#log"
                },
                "south": {
                    "uv": [
                        14,
                        2,
                        15,
                        16
                    ],
                    "texture": "#log"
                },
                "west": {
                    "uv": [
                        1,
                        2,
                        15,
                        16
                    ],
                    "texture": "#log"
                },
                "east": {
                    "uv": [
                        1,
                        2,
                        15,
                        16
                    ],
                    "texture": "#log"
                }
            }
        },
        {
            "name": "wallNorth",
            "from": [
                2,
                0,
                1
            ],
            "to": [
                14,
                14,
                2
            ],
            "faces": {
                "down": {
                    "uv": [
                        14,
                        15,
                        2,
                        16
                    ],
                    "texture": "#log"
                },
                "north": {
                    "uv": [
                        2,
                        2,
                        14,
                        16
                    ],
                    "texture": "#log"
                },
                "south": {
                    "uv": [
                        2,
                        2,
                        14,
                        16
                    ],
                    "texture": "#log"
                }
            }
        },
        {
            "name": "shelfLower",
            "from": [
                2,
                2,
                2
            ],
            "to": [
                14,
                3,
                14
            ],
            "faces": {
                "down": {
                    "uv": [
                        2,
                        2,
                        14,
                        14
                    ],
                    "texture": "#log"
                },
                "up": {
                    "uv": [
                        2,
                        2,
                        14,
                        14
                    ],
                    "texture": "#log"
                },
                "south": {
                    "uv": [
                        2,
                        13,
                        14,
                        14
                    ],
                    "texture": "#log"
                }
            }
        },
        {
            "name": "shelfUpper",
            "from": [
                2,
                8,
                2
            ],
            "to": [
                14,
                9,
                14
            ],
            "faces": {
                "down": {
                    "uv": [
                        2,
                        2,
                        14,
                        14
                    ],
                    "texture": "#log"
                },
                "up": {
                    "uv": [
                        2,
                        2,
                        14,
                        14
                    ],
                    "texture": "#log"
                },
                "south": {
                    "uv": [
                        2,
                        13,
                        14,
                        14
                    ],
                    "texture": "#log"
                }
            }
        },
        {
            "name": "marketTop",
            "from": [
                0,
                14,
                0
            ],
            "to": [
                16,
                16,
                16
            ],
            "faces": {
                "down": {
                    "uv": [
                        0,
                        0,
                        16,
                        16
                    ],
                    "texture": "#planks"
                },
                "up": {
                    "uv": [
                        0,
                        0,
                        16,
                        16
                    ],
                    "texture": "#top"
                },
                "north": {
                    "uv": [
                        0,
                        0,
                        16,
                        2
                    ],
                    "texture": "#top"
                },
                "south": {
                    "uv": [
                        0,
                        0,
                        16,
                        2
                    ],
                    "texture": "#planks"
                },
                "west": {
                    "uv": [
                        0,
                        0,
                        16,
                        2
                    ],
                    "texture": "#planks"
                },
                "east": {
                    "uv": [
                        0,
                        0,
                        16,
                        2
                    ],
                    "texture": "#planks"
                }
            }
        },
        {
            "name": "marketDrape",
            "from": [
                4,
                10,
                0
            ],
            "to": [
                12,
                14,
                1
            ],
            "faces": {
                "down": {
                    "uv": [
                        4,
                        5,
                        12,
                        6
                    ],
                    "texture": "#top"
                },
                "north": {
                    "uv": [
                        4,
                        2,
                        12,
                        6
                    ],
                    "texture": "#top"
                },
                "west": {
                    "uv": [
                        11,
                        2,
                        12,
                        6
                    ],
                    "texture": "#top"
                },
                "east": {
                    "uv": [
                        4,
                        2,
                        5,
                        6
                    ],
                    "texture": "#top"
                }
            }
        },
        {
            "name": "supportBackEast",
            "from": [
                14.5,
                16,
                14.5
            ],
            "to": [
                15.5,
                28,
                15.5
            ],
            "faces": {
                "north": {
                    "uv": [
                        8,
                        4,
                        9,
                        16
                    ],
                    "texture": "#log"
                },
                "south": {
                    "uv": [
                        8,
                        4,
                        9,
                        16
                    ],
                    "texture": "#log"
                },
                "west": {
                    "uv": [
                        8,
                        4,
                        9,
                        16
                    ],
                    "texture": "#log"
                },
                "east": {
                    "uv": [
                        8,
                        4,
                        9,
                        16
                    ],
                    "texture": "#log"
                }
            }
        },
        {
            "name": "supportBackWest",
            "from": [
                0.5,
                16,
                14.5
            ],
            "to": [
                1.5,
                28,
                15.5
            ],
            "faces": {
                "north": {
                    "uv": [
                        3,
                        4,
                        4,
                        16
                    ],
                    "texture": "#log"
                },
                "south": {
                    "uv": [
                        3,
                        4,
                        4,
                        16
                    ],
                    "texture": "#log"
                },
                "west": {
                    "uv": [
                        3,
                        4,
                        4,
                        16
                    ],
                    "texture": "#log"
                },
                "east": {
                    "uv": [
                        3,
                        4,
                        4,
                        16
                    ],
                    "texture": "#log"
                }
            }
        },
        {
            "name": "supportFrontEast",
            "from": [
                14.5,
                16,
                5.5
            ],
            "to": [
                15.5,
                28,
                6.5
            ],
            "faces": {
                "north": {
                    "uv": [
                        11,
                        4,
                        12,
                        16
                    ],
                    "texture": "#log"
                },
                "south": {
                    "uv": [
                        11,
                        4,
                        12,
                        16
                    ],
                    "texture": "#log"
                },
                "west": {
                    "uv": [
                        11,
                        4,
                        12,
                        16
                    ],
                    "texture": "#log"
                },
                "east": {
                    "uv": [
                        11,
                        4,
                        12,
                        16
                    ],
                    "texture": "#log"
                }
            }
        },
        {
            "name": "supportFrontWest",
            "from": [
                0.5,
                16,
                5.5
            ],
            "to": [
                1.5,
                28,
                6.5
            ],
            "faces": {
                "north": {
                    "uv": [
                        5,
                        4,
                        6,
                        16
                    ],
                    "texture": "#log"
                },
                "south": {
                    "uv": [
                        5,
                        4,
                        6,
                        16
                    ],
                    "texture": "#log"
                },
                "west": {
                    "uv": [
                        5,
                        4,
                        6,
                        16
                    ],
                    "texture": "#log"
                },
                "east": {
                    "uv": [
                        5,
                        4,
                        6,
                        16
                    ],
                    "texture": "#log"
                }
            }
        },
        {
            "name": "roof",
            "from": [
                0,
                28,
                5
            ],
            "to": [
                16,
                29,
                16
            ],
            "faces": {
                "down": {
                    "uv": [
                        0,
                        15,
                        16,
                        4
                    ],
                    "texture": "#roof"
                },
                "up": {
                    "uv": [
                        0,
                        4,
                        16,
                        15
                    ],
                    "texture": "#roof"
                },
                "north": {
                    "uv": [
                        16,
                        4,
                        0,
                        5
                    ],
                    "texture": "#roof"
                },
                "south": {
                    "uv": [
                        0,
                        14,
                        16,
                        15
                    ],
                    "texture": "#roof"
                },
                "west": {
                    "uv": [
                        0,
                        4,
                        1,
                        15
                    ],
                    "texture": "#roof",
                    "rotation": 270
                },
                "east": {
                    "uv": [
                        15,
                        4,
                        16,
                        15
                    ],
                    "texture": "#roof",
                    "rotation": 90
                }
            }
        },
        {
            "name": "roofSlanted",
            "from": [
                0,
                28,
                1
            ],
            "to": [
                16,
                29,
                5
            ],
            "rotation": {
                "origin": [
                    0,
                    28,
                    5
                ],
                "axis": "x",
                "angle": -22.5
            },
            "faces": {
                "down": {
                    "uv": [
                        0,
                        4,
                        16,
                        0
                    ],
                    "texture": "#roof"
                },
                "up": {
                    "uv": [
                        0,
                        0,
                        16,
                        4
                    ],
                    "texture": "#roof"
                },
                "north": {
                    "uv": [
                        16,
                        0,
                        0,
                        1
                    ],
                    "texture": "#roof"
                },
                "south": {
                    "uv": [
                        0,
                        3,
                        16,
                        4
                    ],
                    "texture": "#roof"
                },
                "west": {
                    "uv": [
                        0,
                        0,
                        1,
                        4
                    ],
                    "texture": "#roof",
                    "rotation": 270
                },
                "east": {
                    "uv": [
                        15,
                        0,
                        16,
                        4
                    ],
                    "texture": "#roof",
                    "rotation": 90
                }
            }
        }
    ],
    "display": {
        "gui": {
            "rotation": [
                30,
                225,
                0
            ],
            "translation": [
                0,
                -2.6,
                0
            ],
            "scale": [
                0.438,
                0.438,
                0.438
            ]
        },
        "ground": {
            "rotation": [
                0,
                0,
                0
            ],
            "translation": [
                0,
                3,
                0
            ],
            "scale": [
                0.25,
                0.25,
                0.25
            ]
        },
        "fixed": {
            "rotation": [
                0,
                0,
                0
            ],
            "translation": [
                0,
                -3.25,
                0
            ],
            "scale": [
                0.5,
                0.5,
                0.5
            ]
        },
        "thirdperson_righthand": {
            "rotation": [
                75,
                225,
                0
            ],
            "translation": [
                0,
                1.95,
                0
            ],
            "scale": [
                0.375,
                0.375,
                0.375
            ]
        },
        "firstperson_righthand": {
            "rotation": [
                0,
                135,
                0
            ],
            "translation": [
                0,
                0,
                0
            ],
            "scale": [
                0.40,
                0.40,
                0.40
            ]
        }
    }
}