{
    "enabled": true,
    "neededInstalledMods": [],
    "neededUninstalledMods": [],
    "spawns": [
        {
            "id": "aggron-twilight-1",
            "pokemon": "aggron twilight",
            "presets": [ 
                "natural"
            ],
            "type": "pokemon",
            "context": "grounded",
            "bucket": "rare",
            "level": "60-75",
            "weight": 10.0,
            "condition": {
                "biomes": [
                    "twilightforest:highlands"
                ]
            }
        },
        {
            "id": "aggron-twilight-2",
            "pokemon": "aggron twilight",
            "presets": [
                "troll_cave"
            ],
            "type": "pokemon",
            "context": "grounded",
            "bucket": "common",
            "level": "60-75",
            "weight": 10.0,
            "condition": {
                "canSeeSky": false
            }
        }
    ]
}