{
    "enabled": true,
    "neededInstalledMods": [],
    "neededUninstalledMods": [],
    "spawns": [
        {
            "id": "drifloon-twilight-1",
            "pokemon": "drifloon twilight",
            "presets": [
                "dark_tower"
            ],
            "type": "pokemon",
            "context": "grounded",
            "bucket": "common",
            "level": "25-45",
            "weight": 100.0,
            "condition": {
                "maxY": 150,
                "canSeeSky": true,
                "biomes": [
                    "twilightforest:dark_forest_center"
                ]
            }
        }
    ]
}