{
    "enabled": true,
    "neededInstalledMods": [],
    "neededUninstalledMods": [],
    "spawns": [
        {
            "id": "dwebble-twilight-1",
            "pokemon": "dwebble brick=underbrick",
            "presets": [
                "knight_stronghold"
            ],
            "type": "pokemon",
            "context": "grounded",
            "bucket": "common",
            "level": "30-40",
            "weight": 10.0,
            "condition": {
                "canSeeSky": false,
                "biomes": [
                    "twilightforest:underground"
                ]
            }
        }
    ]
}