{
    "enabled": true,
    "neededInstalledMods": [],
    "neededUninstalledMods": [],
    "spawns": [
        {
            "id": "dachsbun-twilight-1",
            "pokemon": "dachsbun twilight",
            "presets": [
                "dark_tower"
            ],
            "type": "pokemon",
            "context": "grounded",
            "bucket": "uncommon",
            "level": "40-55",
            "weight": 10.0,
            "condition": {
                "canSeeSky": false,
                "biomes": [
                    "twilightforest:dark_forest_center"
                ]
            }
        }
    ]
}