{
  "target": "cobblemon:tangrowth",
  "implemented": true,
  "name": "Tangrowth",
  "forms": [
    {
      "implemented": true,
      "name": "Twilight",
      "nationalPokedexNumber": 465,
      "primaryType": "grass",
      "secondaryType": "steel",
      "abilities": [
        "ironbarbs",
        "h:regenerator"
      ],
      "drops": {
        "amount": 3,
        "entries": [
          {
            "item": "minecraft:dead_bush",
            "quantityRange": "0-2"
          },
          {
            "item": "cobblemon:big_root",
            "percentage": 5.0
          }
        ]
      },
      "baseStats": {
        "hp": 100,
        "attack": 110,
        "defence": 145,
        "special_attack": 50,
        "special_defence": 80,
        "speed": 50
      },
      "catchRate": 30,
      "maleRatio": 0.5,
      "shoulderMountable": false,
      "baseExperienceYield": 187,
      "experienceGroup": "medium_fast",
      "eggCycles": 20,
      "eggGroups": [
        "grass"
      ],
      "moves": [
        "1:branchpoke",
        "1:bind",
        "1:spikes",
        "1:ingrain",
        "4:constrict",
        "5:growth",
        "8:spikyshield",
        "12:pinmissile",
        "16:needlearm",
        "20:metalclaw",
        "24:strengthsap",
        "28:knockoff",
        "32:irondefense",
        "33:obstruct",
        "36:smartstrike",
        "40:hornleech",
        "44:fellstinger",
        "46:toxicspikes",
        "48:metalburst",
        "52:powerwhip",
        "54:ingrain",
        "56:drillrun",
        "60:lashout",
        "64:gyroball",
        "66:grassyterrain",
        "70:steelroller",
        "74:powder",
        "tm:aerialace",
        "tm:amnesia",
        "tm:attract",
        "tm:bodyslam",
        "tm:brickbreak",
        "tm:brutalswing",
        "tm:bulldoze",
        "tm:bulletseed",
        "tm:captivate",
        "tm:confide",
        "tm:cut",
        "tm:doubleteam",
        "tm:earthquake",
        "tm:endure",
        "tm:energyball",
        "tm:facade",
        "tm:flash",
        "tm:fling",
        "tm:focusblast",
        "tm:frustration",
        "tm:gigadrain",
        "tm:gigaimpact",
        "tm:grassknot",
        "tm:grassyterrain",
        "tm:hiddenpower",
        "tm:hyperbeam",
        "tm:infestation",
        "tm:leafstorm",
        "tm:naturalgift",
        "tm:naturepower",
        "tm:payback",
        "tm:poisonjab",
        "tm:powerswap",
        "tm:powerwhip",
        "tm:protect",
        "tm:psychup",
        "tm:reflect",
        "tm:rest",
        "tm:return",
        "tm:rockslide",
        "tm:rocksmash",
        "tm:rocktomb",
        "tm:round",
        "tm:secretpower",
        "tm:seedbomb",
        "tm:shockwave",
        "tm:sleeptalk",
        "tm:sludgebomb",
        "tm:snore",
        "tm:solarbeam",
        "tm:solarblade",
        "tm:stompingtantrum",
        "tm:strength",
        "tm:substitute",
        "tm:sunnyday",
        "tm:swagger",
        "tm:swordsdance",
        "tm:thief",
        "tm:toxic",
        "tutor:ancientpower",
        "tutor:bind",
        "tutor:block",
        "tutor:endeavor",
        "tutor:gigadrain",
        "tutor:grassyglide",
        "tutor:headbutt",
        "tutor:knockoff",
        "tutor:morningsun",
        "tutor:mudslap",
        "tutor:naturalgift",
        "tutor:painsplit",
        "tutor:seedbomb",
        "tutor:shockwave",
        "tutor:sleeptalk",
        "tutor:snore",
        "tutor:stompingtantrum",
        "tutor:sunnyday",
        "tutor:synthesis",
        "tutor:worryseed"
      ],
      "labels": [
        "gen4"
      ],
      "pokedex": [
        "cobblemon.species.tangrowth-twilight.desc"
      ],
      "preEvolution": "tangela twilight",
      "evolutions": [
        {
          "id": "tangrowth_twilight_to_normal",
          "variant": "item_interact",
          "result": "tangrowth twilight=false",
          "consumeHeldItem": false,
          "learnableMoves": [],
          "requirements": [],
          "requiredContext": "twilightforest:transformation_powder"
        }
      ],
      "baseScale": 2,
      "hitbox": {
        "width": 0.9,
        "height": 1.2,
        "fixed": false
      },
      "baseFriendship": 50,
      "evYield": {
        "hp": 0,
        "attack": 0,
        "defence": 2,
        "special_attack": 0,
        "special_defence": 0,
        "speed": 0
      },
      "height": 20,
      "weight": 1286,
      "aspects": ["twilight"],
      "cannotDynamax": false
    }    
  ],
  "evolutions": [
        {
          "id": "tangrowth_to_twilight",
          "variant": "item_interact",
          "result": "tangrowth twilight=true",
          "consumeHeldItem": false,
          "learnableMoves": [],
          "requirements": [],
          "requiredContext": "twilightforest:transformation_powder"
        }
      ]
}