{
  "variants":
  {
    "type=bottom":
    [
      { "model": "cobblemon:block/apricorn_slab", "weight": 2 },
      { "model": "cobblemon:block/apricorn_slab_alt_1" },
      { "model": "cobblemon:block/apricorn_slab_alt_2" }
    ],
    "type=top":
    [
      { "model": "cobblemon:block/apricorn_slab_top", "weight": 2 },
      { "model": "cobblemon:block/apricorn_slab_top_alt_1" },
      { "model": "cobblemon:block/apricorn_slab_top_alt_2" }
    ],
    "type=double":
    [
      { "model": "cobblemon:block/apricorn_planks", "weight": 2 },
      { "model": "cobblemon:block/apricorn_planks_alt_1" },
      { "model": "cobblemon:block/apricorn_planks_alt_2" }
    ]
  }
}
