{
	"credit": "Made with Blockbench",
	"texture_size": [32, 32],
	"textures": {
		"2": "artifacts:item/umbrella_held"
	},
	"elements": [
		{
			"from": [7, -7, 7],
			"to": [9, 25, 9],
			"rotation": {"angle": 0, "axis": "y", "origin": [8.5, 15.75, 8]},
			"faces": {
				"north": {"uv": [8, 6.5, 16, 7], "rotation": 90, "texture": "#2"},
				"east": {"uv": [8, 7, 16, 7.5], "rotation": 90, "texture": "#2"},
				"south": {"uv": [8, 6.5, 16, 7], "rotation": 90, "texture": "#2"},
				"west": {"uv": [8, 7, 16, 7.5], "rotation": 90, "texture": "#2"},
				"up": {"uv": [8.5, 7.5, 9, 8], "texture": "#2"},
				"down": {"uv": [8, 7.5, 8.5, 8], "texture": "#2"}
			}
		},
		{
			"name": "top",
			"from": [0, 21, 0],
			"to": [16, 24, 16],
			"rotation": {"angle": 0, "axis": "y", "origin": [8, 22.5, 8]},
			"faces": {
				"north": {"uv": [8, 0, 16, 1.5], "texture": "#2"},
				"east": {"uv": [8, 1.5, 16, 3], "texture": "#2"},
				"south": {"uv": [8, 0, 16, 1.5], "texture": "#2"},
				"west": {"uv": [8, 1.5, 16, 3], "texture": "#2"},
				"up": {"uv": [8, 8, 0, 0], "texture": "#2"},
				"down": {"uv": [8, 8, 16, 16], "texture": "#2"}
			}
		},
		{
			"name": "plane",
			"from": [-4, 21, -4],
			"to": [20, 21, 20],
			"rotation": {"angle": 0, "axis": "y", "origin": [-4, 21, -4]},
			"faces": {
				"north": {"uv": [8, 0, 16, 1.5], "texture": "#2"},
				"east": {"uv": [8, 1.5, 16, 3], "texture": "#2"},
				"south": {"uv": [8, 3, 16, 4.5], "texture": "#2"},
				"west": {"uv": [8, 4.5, 16, 6], "texture": "#2"},
				"up": {"uv": [8, 8, 0, 0], "texture": "#2"},
				"down": {"uv": [8, 8, 0, 16], "texture": "#2"}
			}
		},
		{
			"name": "1",
			"from": [-4, 18, -4],
			"to": [-4, 21, 20],
			"rotation": {"angle": 0, "axis": "y", "origin": [-4, 18, -4]},
			"faces": {
				"north": {"uv": [8, 0, 16, 1.5], "texture": "#2"},
				"east": {"uv": [8, 4.5, 16, 6], "texture": "#2"},
				"south": {"uv": [8, 3, 16, 4.5], "texture": "#2"},
				"west": {"uv": [8, 1.5, 16, 3], "texture": "#2"},
				"up": {"uv": [8, 8, 0, 0], "texture": "#2"},
				"down": {"uv": [8, 8, 0, 16], "texture": "#2"}
			}
		},
		{
			"name": "2",
			"from": [-4, 18, -4],
			"to": [20, 21, -4],
			"rotation": {"angle": 0, "axis": "y", "origin": [-4, 18, -4]},
			"faces": {
				"north": {"uv": [8, 0, 16, 1.5], "texture": "#2"},
				"east": {"uv": [8, 1.5, 16, 3], "texture": "#2"},
				"south": {"uv": [8, 3, 16, 4.5], "texture": "#2"},
				"west": {"uv": [8, 4.5, 16, 6], "texture": "#2"},
				"up": {"uv": [8, 8, 0, 0], "texture": "#2"},
				"down": {"uv": [8, 8, 0, 16], "texture": "#2"}
			}
		},
		{
			"name": "3",
			"from": [20, 18, -4],
			"to": [20, 21, 20],
			"rotation": {"angle": 0, "axis": "y", "origin": [20, 18, -4]},
			"faces": {
				"north": {"uv": [8, 0, 16, 1.5], "texture": "#2"},
				"east": {"uv": [8, 1.5, 16, 3], "texture": "#2"},
				"south": {"uv": [8, 3, 16, 4.5], "texture": "#2"},
				"west": {"uv": [8, 4.5, 16, 6], "texture": "#2"},
				"up": {"uv": [8, 8, 0, 0], "texture": "#2"},
				"down": {"uv": [8, 8, 0, 16], "texture": "#2"}
			}
		},
		{
			"name": "4",
			"from": [-4, 18, 20],
			"to": [20, 21, 20],
			"rotation": {"angle": 0, "axis": "y", "origin": [-4, 18, 20]},
			"faces": {
				"north": {"uv": [8, 3, 16, 4.5], "texture": "#2"},
				"east": {"uv": [8, 1.5, 16, 3], "texture": "#2"},
				"south": {"uv": [8, 0, 16, 1.5], "texture": "#2"},
				"west": {"uv": [8, 4.5, 16, 6], "texture": "#2"},
				"up": {"uv": [8, 8, 0, 0], "texture": "#2"},
				"down": {"uv": [8, 8, 0, 16], "texture": "#2"}
			}
		}
	],
	"gui_light": "front",
	"display": {
		"thirdperson_righthand": {
			"rotation": [-90, 0, 0],
			"translation": [0, -2, -6]
		},
		"thirdperson_lefthand": {
			"rotation": [-90, 0, 0],
			"translation": [0, -2, -6]
		},
		"firstperson_righthand": {
			"rotation": [0, 22.5, 0],
			"translation": [1.25, 10, 0]
		},
		"firstperson_lefthand": {
			"rotation": [0, 22.5, 0],
			"translation": [1.25, 10, 0]
		},
		"head": {
			"translation": [0, 2.5, 0]
		}
	}
}