{
  "type": "create:sequenced_assembly",
  "ingredient": {
    "item": "cobblemon:medicinal_brew"
  },
  "loops": 1,
  "results": [
    {
      "item": "cobblemon:ability_capsule"
    }
  ],
  "sequence": [
    {
      "type": "create:deploying",
      "ingredients": [
        {
          "item": "cobblemon:medicinal_brew"
        },
        {
          "item": "cobblemon:vivichoke"
        }
      ],
      "results": [
        {
          "item": "cobblemon:medicinal_brew"
        }
      ]
    },
    {
      "type": "create:deploying",
      "ingredients": [
        {
          "item": "cobblemon:medicinal_brew"
        },
        {
          "item": "minecraft:magma_cream"
        }
      ],
      "results": [
        {
          "item": "cobblemon:medicinal_brew"
        }
      ]
    },
    {
      "type": "create:deploying",
      "ingredients": [
        {
          "item": "cobblemon:medicinal_brew"
        },
        {
          "item": "minecraft:lapis_lazuli"
        }
      ],
      "results": [
        {
          "item": "cobblemon:medicinal_brew"
        }
      ]
    },
    {
      "type": "create:deploying",
      "ingredients": [
        {
          "item": "cobblemon:medicinal_brew"
        },
        {
          "item": "cobblemon:mirror_herb"
        }
      ],
      "results": [
        {
          "item": "cobblemon:medicinal_brew"
        }
      ]
    }
  ],
  "transitionalItem": {
    "item": "cobblemon:medicinal_brew"
  }
}