{
  "type": "create:sequenced_assembly",
  "ingredient": {
    "item": "minecraft:paper"
  },
  "loops": 4,
  "results": [
    {
      "item": "cobblemon:ability_patch"
    }
  ],
  "sequence": [
    {
      "type": "create:deploying",
      "ingredients": [
        {
          "item": "minecraft:paper"
        },
        {
          "item": "create:golden_sheet"
        }
      ],
      "results": [
        {
          "item": "minecraft:paper"
        }
      ]
    },
    {
      "type": "create:deploying",
      "ingredients": [
        {
          "item": "minecraft:paper"
        },
        {
          "item": "minecraft:diamond"
        }
      ],
      "results": [
        {
          "item": "minecraft:paper"
        }
      ]
    },
    {
      "type": "create:deploying",
      "ingredients": [
        {
          "item": "minecraft:paper"
        },
        {
          "item": "minecraft:lapis_lazuli"
        }
      ],
      "results": [
        {
          "item": "minecraft:paper"
        }
      ]
    },
    {
      "type": "create:deploying",
      "ingredients": [
        {
          "item": "minecraft:paper"
        },
        {
          "item": "cobblemon:ability_capsule"
        }
      ],
      "results": [
        {
          "item": "minecraft:paper"
        }
      ]
    }
  ],
  "transitionalItem": {
    "item": "minecraft:paper"
  }
}