{
  "type": "create:sequenced_assembly",
  "ingredient": {
    "item": "cobblemon:relic_coin"
  },
  "loops": 1,
  "results": [
    {
      "count": 2,
      "item": "cobblemon:relic_coin"
    }
  ],
  "sequence": [
    {
      "type": "create:deploying",
      "ingredients": [
        {
          "item": "cobblemon:relic_coin"
        },
        {
          "item": "create:golden_sheet"
        }
      ],
      "results": [
        {
          "item": "cobblemon:relic_coin"
        }
      ]
    },
    {
      "type": "create:deploying",
      "ingredients": [
        {
          "item": "cobblemon:relic_coin"
        },
        {
          "item": "create:brass_sheet"
        }
      ],
      "results": [
        {
          "item": "cobblemon:relic_coin"
        }
      ]
    }
  ],
  "transitionalItem": {
    "item": "cobblemon:relic_coin"
  }
}