{
    "enabled": true,
    "neededInstalledMods": [],
    "neededUninstalledMods": [],
    "spawns": [
        {
            "id": "poipole-1",
            "pokemon": "poipole",
            "presets": [
                "natural"
            ],
            "type": "pokemon",
            "context": "grounded",
            "bucket": "rare",
            "level": "10-20",
            "weight": 0.75,
            "condition": {
                "biomes": [
                    "#minecraft:is_end"
                ]
            }
        },
        {
            "id": "poipole-2",
            "pokemon": "poipole",
            "presets": [
                "natural"
            ],
            "type": "pokemon",
            "context": "grounded",
            "bucket": "ultra-rare",
            "level": "10-20",
            "weight": 1.0,
            "condition": {
                "biomes": [
                    "#cobblemon:is_jungle",
                    "#cobblemon:is_swamp"
                ]
            }
        }
    ]
}