{
  "enabled": true,
  "neededInstalledMods": [],
  "neededUninstalledMods": [],
  "spawns": [
    {
      "id": "rayquaza-1",
      "pokemon": "rayquaza",
      "presets": [
      ],
      "type": "pokemon",
      "context": "grounded",
      "bucket": "ultra-rare",
      "level": "70-85",
      "weight": 2.0,
      "condition": {
        "isRaining": false,
        "isThundering": false,
        "biomes": [ 
          "terralith:emerald_peaks",
          "terralith:haze_mountains",
          "#cobblemon:is_mountain"
          ]
      }
    }
  ]
}