{
    "enabled": true,
    "neededInstalledMods": [],
    "neededUninstalledMods": [],
    "spawns": [
        {
            "id": "registeel-1",
            "pokemon": "registeel",
            "presets": [
                "urban"
            ],
            "type": "pokemon",
            "context": "grounded",
            "bucket": "ultra-rare",
            "level": "50",
            "weight": 1.0,
            "condition": {
                "biomes": [
                   "#cobblemon:is_overworld"
               ],
               "neededNearbyBlocks": [
                   "minecraft:iron_block",
                   "minecraft:anvil"
                ]
            }
        },
        {
            "id": "registeel-2",
            "pokemon": "registeel",
            "presets": [
                "urban"
            ],
            "type": "pokemon",
            "context": "grounded",
            "bucket": "ultra-rare",
            "level": "50",
            "weight": 0.25,
            "condition": {
                "biomes": [
                   "#cobblemon:is_overworld"
               ],
               "neededNearbyBlocks": [
                   "minecraft:iron_bars"
                ]
            }
        }
    ]
}