{
    "enabled": true,
    "neededInstalledMods": [],
    "neededUninstalledMods": [],
    "spawns": [
        {
            "id": "regirock-1",
            "pokemon": "regirock",
            "presets": [
                "natural"
            ],
            "type": "pokemon",
            "context": "grounded",
            "bucket": "ultra-rare",
            "level": "50",
            "weight": 1.0,
            "condition": {
                "canSeeSky": true,
                "biomes": [
                    "#cobblemon:is_peak",
                    "#cobblemon:is_mountain"
                ]
            },
             "anticondition": {
               "biomes": [
                   "#cobblemon:is_freezing"
               ]
           }
        }
    ]
}