{
    "enabled": true,
    "neededInstalledMods": [],
    "neededUninstalledMods": [],
    "spawns": [
        {
            "id": "xerneas-1",
            "pokemon": "xerneas",
            "presets": [
                "natural"
            ],
            "type": "pokemon",
            "context": "grounded",
            "bucket": "ultra-rare",
            "level": "70",
            "weight": 1.0,
            "condition": {
                "biomes": [
                    "#cobblemon:is_magical",
                    "#cobbelmon:is_foral"
                ]
            }
        }
    ]
}