{
    "enabled": true,
    "neededInstalledMods": [],
    "neededUninstalledMods": [],
    "spawns": [
        {
            "id": "zapdos-1",
            "pokemon": "zapdos",
            "presets": [
                "natural"
            ],
            "type": "pokemon",
            "context": "grounded",
            "bucket": "ultra-rare",
            "level": "50",
            "weight": 1.0,
            "condition": {
                "isThundering": true,
                "canSeeSky": true,
                "biomes": [
                    "#minecraft:is_overworld"
                ]
            }
        }
    ]
}