{
    "enabled": true,
    "neededInstalledMods": [],
    "neededUninstalledMods": [],
    "spawns": [
        {
            "id": "clefairy-5",
            "pokemon": "clefairy",
            "presets": [
                "natural",
                "wild"
            ],
            "type": "pokemon",
            "context": "grounded",
            "bucket": "uncommon",
            "level": "15-32",
            "weight": 3.4,
            "condition": {
                "minSkyLight": 0,
                "maxSkyLight": 15,
                "biomes": [
    		    "aether:skyroot_meadow",
   		    "aether:skyroot_grove",
    		    "aether:skyroot_woodland",
  		    "aether:skyroot_forest"
                ]
            }
        }
    ]
}
