{
    "enabled": true,
    "neededInstalledMods": [],
    "neededUninstalledMods": [],
    "spawns": [
        {
            "id": "lumineon-7",
            "pokemon": "lumineon",
            "presets": [
                "water"
            ],
            "type": "pokemon",
            "context": "submerged",
            "bucket": "uncommon",
            "level": "25-40",
            "weight": 2.4,
            "condition": {
                "minSkyLight": 0,
                "maxSkyLight": 15,
                "biomes": [
    		    "aether:skyroot_meadow",
   		    "aether:skyroot_grove",
    		    "aether:skyroot_woodland",
  		    "aether:skyroot_forest"
                ]
            }
        }
    ]
}
