{
    "enabled": true,
    "neededInstalledMods": [],
    "neededUninstalledMods": [],
    "spawns": [
        {
            "id": "rayquaza-2",
            "pokemon": "rayquaza",
            "type": "pokemon",
            "context": "grounded",
            "bucket": "ultra-rare",
            "level": "70",
            "weight": 1.4,
            "condition": {
                "minSkyLight": 0,
                "maxSkyLight": 15,
                "biomes": [
    		    "aether:skyroot_meadow",
   		    "aether:skyroot_grove"
                ]
            }
        }
    ]
}
