{
    "enabled": true,
    "neededInstalledMods": [],
    "neededUninstalledMods": [],
    "spawns": [
        {
            "id": "starmie-11",
            "pokemon": "starmie",
            "presets": [
                "water"
            ],
            "type": "pokemon",
            "context": "submerged",
            "bucket": "common",
            "level": "33-46",
            "weight": 3.4,
            "condition": {
                "minSkyLight": 0,
                "maxSkyLight": 15,
                "biomes": [
    		    "aether:skyroot_meadow",
   		    "aether:skyroot_grove",
    		    "aether:skyroot_woodland",
  		    "aether:skyroot_forest"
                ]
            }
        }
    ]
}
