{
    "enabled": true,
    "neededInstalledMods": [],
    "neededUninstalledMods": [],
    "spawns": [
        {
            "id": "thundurus-2",
            "pokemon": "thundurus",
            "type": "pokemon",
            "context": "grounded",
            "bucket": "ultra-rare",
            "level": "50",
            "weight": 4.5,
            "condition": {
                "minSkyLight": 0,
                "maxSkyLight": 15,
                "biomes": [
    		    "aether:skyroot_meadow",
   		    "aether:skyroot_grove",
    		    "aether:skyroot_woodland",
  		    "aether:skyroot_forest"
                ]
            }
        }
    ]
}
