{
    "enabled": true,
    "neededInstalledMods": [],
    "neededUninstalledMods": [],
    "spawns": [
        {
            "id": "xerneas-2",
            "pokemon": "xerneas",
            "type": "pokemon",
            "context": "grounded",
            "bucket": "ultra-rare",
            "level": "70",
            "weight": 5.4,
            "condition": {
                "minSkyLight": 0,
                "maxSkyLight": 15,
                "biomes": [
    		    "aether:skyroot_woodland",
  		    "aether:skyroot_forest"
                ]
            }
        }
    ]
}
