{
  "type": "minecraft:crafting_shaped",
  "category": "misc",
  "key": {
    "c": {
      "tag": "forge:plates/copper"
    },
    "f": {
      "item": "ae2:fluix_block"
    },
    "i": {
      "tag": "forge:ingots/iron"
    },
    "q": {
      "item": "ae2:charged_certus_quartz_crystal"
    },
    "b": {
      "tag": "forge:storage_blocks/andesite_alloy"
    }
  },
  "pattern": [
    "cfc",
    "cqc",
    "ibi"
  ],
  "result": {
    "item": "ae2:crystal_resonance_generator"
  },
  "show_notification": true
}