{
  "target": "cobblemon:mewtwo",
  "implemented": true,
  "name": "Mewtwo",
  "forms": [
    {
      "implemented": true,
      "name": "Shadow",
      "nationalPokedexNumber": 150,
      "primaryType": "dark",
      "secondaryType": "psychic",
      "abilities": [
        "darkaura"
      ],
      "drops": {
        "amount": 1,
        "entries": [
          {
            "item": "minecraft:nether_star"
          }
        ]
      },
      "baseStats": {
        "hp": 100,
        "attack": 194,
        "defence": 100,
        "special_attack": 185,
        "special_defence": 95,
        "speed": 106
      },
      "catchRate": 3,
      "maleRatio": -1,
      "shoulderMountable": false,
      "baseExperienceYield": 340,
      "experienceGroup": "slow",
      "eggCycles": 120,
      "eggGroups": [
        "undiscovered"
      ],
      "behaviour": {
        "moving": {
          "fly": {
            "canFly": true
          }
        }
      },
      "moves": [
        "1:lifedew",
        "1:psywave",
        "1:swift",
        "1:disable",
        "1:laserfocus",
        "1:confusion",
        "1:shadowball",
        "8:payback",
        "16:psychocut",
        "22:psychup",
        "24:suckerpunch",
        "29:nightslash",
        "32:curse",
        "40:darkpulse",
        "48:psychic",
        "53:shadowball",
        "56:guardswap",
        "56:powerswap",
        "60:nastyplot",
        "64:haze",
        "72:psystrike",
        "80:recover",
        "88:wickedblow",
        "90:mefirst",
        "tm:aerialace",
        "tm:agility",
        "tm:allyswitch",
        "tm:amnesia",
        "tm:aurasphere",
        "tm:avalanche",
        "tm:blizzard",
        "tm:bodyslam",
        "tm:brickbreak",
        "tm:brutalswing",
        "tm:bulkup",
        "tm:bulldoze",
        "tm:calmmind",
        "tm:chargebeam",
        "tm:chillingwater",
        "tm:confide",
        "tm:confuseray",
        "tm:curse",
        "tm:darkpulse",
        "tm:dive",
        "tm:doubleedge",
        "tm:doubleteam",
        "tm:drainpunch",
        "tm:dreameater",
        "tm:earthpower",
        "tm:earthquake",
        "tm:electroball",
        "tm:embargo",
        "tm:endure",
        "tm:energyball",
        "tm:expandingforce",
        "tm:facade",
        "tm:fireblast",
        "tm:firepunch",
        "tm:flamethrower",
        "tm:flash",
        "tm:fling",
        "tm:focusblast",
        "tm:focuspunch",
        "tm:foulplay",
        "tm:frustration",
        "tm:futuresight",
        "tm:gigaimpact",
        "tm:grassknot",
        "tm:gravity",
        "tm:guardswap",
        "tm:hail",
        "tm:helpinghand",
        "tm:hex",
        "tm:hiddenpower",
        "tm:hurricane",
        "tm:hyperbeam",
        "tm:icebeam",
        "tm:icepunch",
        "tm:icywind",
        "tm:imprison",
        "tm:incinerate",
        "tm:irontail",
        "tm:knockoff",
        "tm:lashout",
        "tm:lightscreen",
        "tm:lowkick",
        "tm:lowsweep",
        "tm:magicroom",
        "tm:megakick",
        "tm:megapunch",
        "tm:metronome",
        "tm:nastyplot",
        "tm:naturalgift",
        "tm:nightshade",
        "tm:payday",
        "tm:poisonjab",
        "tm:powergem",
        "tm:powerswap",
        "tm:poweruppunch",
        "tm:protect",
        "tm:psybeam",
        "tm:psychic",
        "tm:psychicnoise",
        "tm:psychicterrain",
        "tm:psychocut",
        "tm:psychup",
        "tm:psyshock",
        "tm:raindance",
        "tm:recycle",
        "tm:reflect",
        "tm:rest",
        "tm:return",
        "tm:reversal",
        "tm:rockclimb",
        "tm:rockslide",
        "tm:rocksmash",
        "tm:rocktomb",
        "tm:round",
        "tm:safeguard",
        "tm:sandstorm",
        "tm:scaryface",
        "tm:secretpower",
        "tm:selfdestruct",
        "tm:shadowball",
        "tm:shockwave",
        "tm:skillswap",
        "tm:sleeptalk",
        "tm:snatch",
        "tm:snore",
        "tm:solarbeam",
        "tm:speedswap",
        "tm:spite",
        "tm:stompingtantrum",
        "tm:stoneedge",
        "tm:storedpower",
        "tm:strength",
        "tm:substitute",
        "tm:sunnyday",
        "tm:swagger",
        "tm:swift",
        "tm:takedown",
        "tm:taunt",
        "tm:telekinesis",
        "tm:terablast",
        "tm:thunder",
        "tm:thunderbolt",
        "tm:thunderpunch",
        "tm:thunderwave",
        "tm:torment",
        "tm:toxic",
        "tm:trailblaze",
        "tm:triattack",
        "tm:trick",
        "tm:trickroom",
        "tm:waterpulse",
        "tm:weatherball",
        "tm:willowisp",
        "tm:wonderroom",
        "tm:zenheadbutt",
        "tutor:agility",
        "tutor:amnesia",
        "tutor:aquatail",
        "tutor:barrier",
        "tutor:bide",
        "tutor:blizzard",
        "tutor:bodyslam",
        "tutor:brickbreak",
        "tutor:bubblebeam",
        "tutor:bulkup",
        "tutor:confuseray",
        "tutor:confusion",
        "tutor:counter",
        "tutor:curse",
        "tutor:detect",
        "tutor:disable",
        "tutor:doubleedge",
        "tutor:doubleteam",
        "tutor:drainpunch",
        "tutor:dreameater",
        "tutor:dynamicpunch",
        "tutor:earthquake",
        "tutor:electroball",
        "tutor:endure",
        "tutor:expandingforce",
        "tutor:facade",
        "tutor:fireblast",
        "tutor:firepunch",
        "tutor:flamethrower",
        "tutor:flash",
        "tutor:focuspunch",
        "tutor:foulplay",
        "tutor:frustration",
        "tutor:futuresight",
        "tutor:gravity",
        "tutor:guardswap",
        "tutor:headbutt",
        "tutor:healpulse",
        "tutor:hiddenpower",
        "tutor:hurricane",
        "tutor:hyperbeam",
        "tutor:icepunch",
        "tutor:icywind",
        "tutor:irontail",
        "tutor:laserfocus",
        "tutor:lightscreen",
        "tutor:lowkick",
        "tutor:magiccoat",
        "tutor:magicroom",
        "tutor:megakick",
        "tutor:megapunch",
        "tutor:metronome",
        "tutor:mimic",
        "tutor:mist",
        "tutor:mudslap",
        "tutor:nightmare",
        "tutor:payday",
        "tutor:poisonjab",
        "tutor:powerswap",
        "tutor:protect",
        "tutor:psybeam",
        "tutor:psychic",
        "tutor:psychocut",
        "tutor:psychup",
        "tutor:psywave",
        "tutor:rage",
        "tutor:raindance",
        "tutor:recover",
        "tutor:recycle",
        "tutor:reflect",
        "tutor:rest",
        "tutor:return",
        "tutor:rockslide",
        "tutor:rocksmash",
        "tutor:roleplay",
        "tutor:safeguard",
        "tutor:seismictoss",
        "tutor:selfdestruct",
        "tutor:shadowball",
        "tutor:shockwave",
        "tutor:signalbeam",
        "tutor:skillswap",
        "tutor:skullbash",
        "tutor:sleeptalk",
        "tutor:snatch",
        "tutor:snore",
        "tutor:solarbeam",
        "tutor:strength",
        "tutor:submission",
        "tutor:substitute",
        "tutor:sunnyday",
        "tutor:swagger",
        "tutor:swift",
        "tutor:takedown",
        "tutor:taunt",
        "tutor:telekinesis",
        "tutor:teleport",
        "tutor:thunder",
        "tutor:thunderbolt",
        "tutor:thunderpunch",
        "tutor:thunderwave",
        "tutor:toxic",
        "tutor:triattack",
        "tutor:trick",
        "tutor:watergun",
        "tutor:waterpulse",
        "tutor:willowisp",
        "tutor:wonderroom",
        "tutor:zapcannon",
        "tutor:zenheadbutt"
      ],
      "labels": [
        "gen1",
        "legendary"
      ],
      "pokedex": [
        "cobblemon.species.mewtwo-shadow.desc"
      ],
      "evolutions": [],
      "baseFriendship": 0,
      "evYield": {
        "hp": 0,
        "attack": 0,
        "defence": 0,
        "special_attack": 3,
        "special_defence": 0,
        "speed": 0
      },
      "height": 20,
      "weight": 1220,
      "aspects": ["shadow"],
      "cannotDynamax": false
    }    
  ]
}
