{
	"credit": "Made with Blockbench",
	"textures": {
		"particle": "block/chiseled_quartz_block",
		"log": "block/chiseled_quartz_block",
		"planks": "block/chiseled_quartz_block",
		"top": "farmingforblockheads:block/market_top"
	},
	"elements": [
		{
			"name": "wallEast",
			"from": [
				14,
				0,
				1
			],
			"to": [
				15,
				14,
				15
			],
			"faces": {
				"north": {
					"uv": [
						1,
						2,
						2,
						16
					],
					"texture": "#log"
				},
				"east": {
					"uv": [
						1,
						2,
						15,
						16
					],
					"texture": "#log"
				},
				"south": {
					"uv": [
						14,
						2,
						15,
						16
					],
					"texture": "#log"
				},
				"west": {
					"uv": [
						1,
						2,
						15,
						16
					],
					"texture": "#log"
				},
				"down": {
					"uv": [
						1,
						15,
						15,
						16
					],
					"rotation": 90,
					"texture": "#log",
					"cullface": "down"
				}
			}
		},
		{
			"name": "wallWest",
			"from": [
				1,
				0,
				1
			],
			"to": [
				2,
				14,
				15
			],
			"faces": {
				"north": {
					"uv": [
						14,
						2,
						15,
						16
					],
					"texture": "#log"
				},
				"east": {
					"uv": [
						1,
						2,
						15,
						16
					],
					"texture": "#log"
				},
				"south": {
					"uv": [
						14,
						2,
						15,
						16
					],
					"texture": "#log"
				},
				"west": {
					"uv": [
						1,
						2,
						15,
						16
					],
					"texture": "#log"
				},
				"down": {
					"uv": [
						1,
						15,
						15,
						16
					],
					"rotation": 90,
					"texture": "#log",
					"cullface": "down"
				}
			}
		},
		{
			"name": "wallNorth",
			"from": [
				2,
				0,
				1
			],
			"to": [
				14,
				14,
				2
			],
			"faces": {
				"north": {
					"uv": [
						2,
						2,
						14,
						16
					],
					"texture": "#log"
				},
				"south": {
					"uv": [
						2,
						2,
						14,
						16
					],
					"texture": "#log"
				},
				"down": {
					"uv": [
						14,
						15,
						2,
						16
					],
					"texture": "#log",
					"cullface": "down"
				}
			}
		},
		{
			"name": "shelfLower",
			"from": [
				2,
				2,
				2
			],
			"to": [
				14,
				3,
				14
			],
			"faces": {
				"south": {
					"uv": [
						2,
						13,
						14,
						14
					],
					"texture": "#log"
				},
				"up": {
					"uv": [
						2,
						2,
						14,
						14
					],
					"texture": "#log"
				},
				"down": {
					"uv": [
						2,
						2,
						14,
						14
					],
					"texture": "#log"
				}
			}
		},
		{
			"name": "shelfUpper",
			"from": [
				2,
				8,
				2
			],
			"to": [
				14,
				9,
				14
			],
			"faces": {
				"south": {
					"uv": [
						2,
						13,
						14,
						14
					],
					"texture": "#log"
				},
				"up": {
					"uv": [
						2,
						2,
						14,
						14
					],
					"texture": "#log"
				},
				"down": {
					"uv": [
						2,
						2,
						14,
						14
					],
					"texture": "#log"
				}
			}
		},
		{
			"name": "marketTop",
			"from": [
				0,
				14,
				0
			],
			"to": [
				16,
				16,
				16
			],
			"faces": {
				"north": {
					"uv": [
						0,
						0,
						16,
						2
					],
					"texture": "#top",
					"cullface": "north"
				},
				"east": {
					"uv": [
						0,
						0,
						16,
						2
					],
					"texture": "#planks",
					"cullface": "east"
				},
				"south": {
					"uv": [
						0,
						0,
						16,
						2
					],
					"texture": "#planks",
					"cullface": "south"
				},
				"west": {
					"uv": [
						0,
						0,
						16,
						2
					],
					"texture": "#planks",
					"cullface": "west"
				},
				"up": {
					"uv": [
						0,
						0,
						16,
						16
					],
					"texture": "#top"
				},
				"down": {
					"uv": [
						0,
						0,
						16,
						16
					],
					"texture": "#planks"
				}
			}
		},
		{
			"name": "marketDrape",
			"from": [
				4,
				10,
				0
			],
			"to": [
				12,
				14,
				1
			],
			"faces": {
				"north": {
					"uv": [
						4,
						2,
						12,
						6
					],
					"texture": "#top",
					"cullface": "north"
				},
				"east": {
					"uv": [
						4,
						2,
						5,
						6
					],
					"texture": "#top"
				},
				"west": {
					"uv": [
						11,
						2,
						12,
						6
					],
					"texture": "#top"
				},
				"down": {
					"uv": [
						4,
						5,
						12,
						6
					],
					"texture": "#top"
				}
			}
		}
	]
}