{
  "species": "cobblemon:wooloo",
  "order": 7,
  "variations": [
    {
      "aspects": ["twilight"],
      "model": "cobblemon:wooloo.geo",
      "texture": "cobblemon:textures/pokemon/0831_wooloo/wooloo_twilight.png",
      "layers": [
        {
          "name": "glow",
          "texture": "cobblemon:textures/pokemon/0831_wooloo/wooloo_twilight_emissive.png",
          "emissive": true,
          "translucent": true
        }
        ]
    },
    {
      "aspects": [
        "twilight",
        "shiny"
      ],
      "texture": "cobblemon:textures/pokemon/0831_wooloo/wooloo_twilight_shiny.png"
    }
  ]
}