{
  "target": "cobblemon:darmanitan",
  "implemented": true,
  "name": "Darmanitan",
  "nationalPokedexNumber": 555,
  "primaryType": "fire",
  "abilities": [
    "sheerforce",
    "h:zenmode"
  ],
  "drops": {
    "amount": 1,
    "entries": [
      {
        "item": "cobblemon:rawst_berry",
        "percentage": 5.0
      }
    ]
  },
  "baseStats": {
    "hp": 105,
    "attack": 140,
    "defence": 55,
    "special_attack": 30,
    "special_defence": 55,
    "speed": 95
  },
  "behaviour": {
    "resting": {
      "canSleep": true,
      "depth": "normal",
      "light": "0-4"
    },
    "moving" : {
      "walk": {
        "walkSpeed": 0.3
      }
    }
  },
  "features": [
    "galarian",
    "zen_mode"
  ],
  "catchRate": 60,
  "maleRatio": 0.5,
  "shoulderMountable": false,
  "baseExperienceYield": 168,
  "baseFriendship": 50,
  "evYield": {
    "hp": 0,
    "attack": 2,
    "defence": 0,
    "special_attack": 0,
    "special_defence": 0,
    "speed": 0
  },
  "experienceGroup": "medium_slow",
  "eggCycles": 20,
  "eggGroups": [
    "field"
  ],
  "moves": [
    "1:bite",
    "1:ember",
    "1:hammerarm",
    "1:rage",
    "1:rollout",
    "1:tackle",
    "1:taunt",
    "12:incinerate",
    "16:workup",
    "17:swagger",
    "19:facade",
    "20:firefang",
    "24:headbutt",
    "28:firepunch",
    "32:uproar",
    "38:bellydrum",
    "44:flareblitz",
    "50:thrash",
    "54:overheat",
    "56:superpower",
    "tm:attract",
    "tm:bodypress",
    "tm:bodyslam",
    "tm:brickbreak",
    "tm:bulkup",
    "tm:bulldoze",
    "tm:confide",
    "tm:dig",
    "tm:doubleteam",
    "tm:earthquake",
    "tm:encore",
    "tm:endure",
    "tm:facade",
    "tm:fireblast",
    "tm:firefang",
    "tm:firepunch",
    "tm:firespin",
    "tm:flamecharge",
    "tm:flamethrower",
    "tm:flareblitz",
    "tm:fling",
    "tm:focusblast",
    "tm:focusenergy",
    "tm:frustration",
    "tm:futuresight",
    "tm:gigaimpact",
    "tm:grassknot",
    "tm:guardswap",
    "tm:gyroball",
    "tm:heatwave",
    "tm:hiddenpower",
    "tm:hyperbeam",
    "tm:incinerate",
    "tm:irondefense",
    "tm:ironhead",
    "tm:megakick",
    "tm:megapunch",
    "tm:mysticalfire",
    "tm:overheat",
    "tm:payback",
    "tm:powerswap",
    "tm:poweruppunch",
    "tm:protect",
    "tm:psychic",
    "tm:rest",
    "tm:return",
    "tm:reversal",
    "tm:roar",
    "tm:rockslide",
    "tm:rocksmash",
    "tm:rocktomb",
    "tm:round",
    "tm:secretpower",
    "tm:sleeptalk",
    "tm:smackdown",
    "tm:snore",
    "tm:solarbeam",
    "tm:stoneedge",
    "tm:strength",
    "tm:substitute",
    "tm:sunnyday",
    "tm:superpower",
    "tm:swagger",
    "tm:taunt",
    "tm:thief",
    "tm:torment",
    "tm:toxic",
    "tm:trick",
    "tm:uproar",
    "tm:uturn",
    "tm:willowisp",
    "tm:workup",
    "tm:zenheadbutt",
    "tutor:bellydrum",
    "tutor:burningjealousy",
    "tutor:endeavor",
    "tutor:expandingforce",
    "tutor:firepunch",
    "tutor:flareblitz",
    "tutor:focuspunch",
    "tutor:hammerarm",
    "tutor:heatwave",
    "tutor:laserfocus",
    "tutor:lashout",
    "tutor:sleeptalk",
    "tutor:snatch",
    "tutor:snore",
    "tutor:superpower",
    "tutor:thrash",
    "tutor:uproar",
    "tutor:zenheadbutt"
  ],
  "labels": [
    "gen5",
    "unova_regional",
    "unova_regional"
  ],
  "pokedex": [
    "cobblemon.species.darmanitan.desc"
  ],
  "height": 13,
  "weight": 929,
  "preEvolution": "darumaka",
  "evolutions": [
    {
      "id": "darmanitan_to_twilight",
      "variant": "item_interact",
      "result": "darmanitan galarian=true",
      "consumeHeldItem": false,
      "learnableMoves": [],
      "requirements": [],
      "requiredContext": "twilightforest:transformation_powder"
    }
  ],
  "forms": [
    {
      "name": "Zen",
      "primaryType": "fire",
      "secondaryType": "psychic",
      "abilities": [
        "zenmode"
      ],
      "baseStats": {
        "hp": 105,
        "attack": 30,
        "defence": 105,
        "special_attack": 140,
        "special_defence": 105,
        "speed": 55
      },
      "catchRate": 60,
      "maleRatio": 0.5,
      "baseExperienceYield": 168,
      "baseFriendship": 50,
      "evYield": {
        "hp": 0,
        "attack": 0,
        "defence": 0,
        "special_attack": 2,
        "special_defence": 0,
        "speed": 0
      },
      "experienceGroup": "medium_slow",
      "eggCycles": 20,
      "eggGroups": [
        "field"
      ],
      "labels": [
        "gen5"
      ],
      "aspects": [
        "zen_mode"
      ],
      "baseScale": 1.0,
      "hitbox": {
        "width": 1.3,
        "height": 1.5,
        "fixed": false
      },
      "height": 13,
      "weight": 929,
      "cannotDynamax": false,
      "battleOnly": true
    },
    {
      "name": "Galar",
      "primaryType": "ice",
      "abilities": [
        "gorillatactics",
        "h:zenmode"
      ],
      "baseStats": {
        "hp": 105,
        "attack": 140,
        "defence": 55,
        "special_attack": 30,
        "special_defence": 55,
        "speed": 95
      },
      "catchRate": 60,
      "maleRatio": 0.5,
      "baseExperienceYield": 168,
      "baseFriendship": 50,
      "evYield": {
        "hp": 0,
        "attack": 2,
        "defence": 0,
        "special_attack": 0,
        "special_defence": 0,
        "speed": 0
      },
      "experienceGroup": "medium_slow",
      "eggCycles": 20,
      "eggGroups": [
        "field"
      ],
      "moves": [
        "1:bite",
        "1:powdersnow",
        "1:tackle",
        "1:taunt",
        "12:avalanche",
        "16:workup",
        "20:icefang",
        "24:headbutt",
        "28:icepunch",
        "32:uproar",
        "38:bellydrum",
        "44:blizzard",
        "50:thrash",
        "56:superpower",
        "tm:attract",
        "tm:avalanche",
        "tm:blizzard",
        "tm:bodypress",
        "tm:bodyslam",
        "tm:brickbreak",
        "tm:bulkup",
        "tm:bulldoze",
        "tm:dig",
        "tm:earthquake",
        "tm:encore",
        "tm:endure",
        "tm:facade",
        "tm:fireblast",
        "tm:firefang",
        "tm:firepunch",
        "tm:firespin",
        "tm:flamethrower",
        "tm:flareblitz",
        "tm:fling",
        "tm:focusblast",
        "tm:focusenergy",
        "tm:gigaimpact",
        "tm:grassknot",
        "tm:gyroball",
        "tm:heatwave",
        "tm:hyperbeam",
        "tm:icebeam",
        "tm:icefang",
        "tm:icepunch",
        "tm:irondefense",
        "tm:ironhead",
        "tm:megakick",
        "tm:megapunch",
        "tm:overheat",
        "tm:payback",
        "tm:protect",
        "tm:psychic",
        "tm:rest",
        "tm:reversal",
        "tm:rockslide",
        "tm:rocktomb",
        "tm:round",
        "tm:sleeptalk",
        "tm:snore",
        "tm:solarbeam",
        "tm:stoneedge",
        "tm:substitute",
        "tm:sunnyday",
        "tm:superpower",
        "tm:taunt",
        "tm:thief",
        "tm:uproar",
        "tm:uturn",
        "tm:willowisp",
        "tm:workup",
        "tm:zenheadbutt",
        "tutor:burningjealousy",
        "tutor:lashout"
      ],
      "labels": [
        "gen8",
        "galar_regional"
      ],
      "aspects": [
        "galarian"
      ],
      "height": 17,
      "weight": 1200,
      "preEvolution": "darumaka galarian",
      "evolutions": [
        {
          "id": "darmanitan_twilight_to_normal",
          "variant": "item_interact",
          "result": "darmanitan galarian=false",
          "consumeHeldItem": false,
          "learnableMoves": [],
          "requirements": [],
          "requiredContext": "twilightforest:transformation_powder"
        }
      ],

      "cannotDynamax": false,
      "battleOnly": false,
      "drops": {
        "amount": 2,
        "entries": [
          {
            "item": "cobblemon:ice_stone",
            "percentage": 5.0
          },
          {
            "item": "cobblemon:occa_berry",
            "percentage": 5.0
          }
        ]
      }
    },
    {
      "name": "Galar-Zen",
      "primaryType": "ice",
      "secondaryType": "fire",
      "abilities": [
        "zenmode"
      ],
      "baseStats": {
        "hp": 105,
        "attack": 160,
        "defence": 55,
        "special_attack": 30,
        "special_defence": 55,
        "speed": 135
      },
      "catchRate": 60,
      "maleRatio": 0.5,
      "baseExperienceYield": 168,
      "baseFriendship": 50,
      "evYield": {
        "hp": 0,
        "attack": 0,
        "defence": 0,
        "special_attack": 2,
        "special_defence": 0,
        "speed": 0
      },
      "experienceGroup": "medium_slow",
      "eggCycles": 20,
      "eggGroups": [
        "field"
      ],
      "labels": [
        "gen8",
        "galar_regional"
      ],
      "aspects": [
        "galarian",
        "zen_mode"
      ],
      "height": 17,
      "weight": 1200,
      "cannotDynamax": false,
      "battleOnly": true
    }
  ],
  "baseScale": 1,
  "hitbox": {
    "width": 1.8,
    "height": 1.8,
    "fixed": false
  },
  "aspects": [],
  "cannotDynamax": false
}
