{
    "enabled": true,
    "neededInstalledMods": [],
    "neededUninstalledMods": [],
    "spawns": [
        {
            "id": "goldeen-twilight-1",
            "pokemon": "goldeen",
            "presets": [
                "water"
            ],
            "type": "pokemon",
            "context": "submerged",
            "bucket": "common",
            "level": "5-20",
            "weight": 10.0,
            "condition": {
                "biomes": [
                    "#cobblemon:is_twilight_forest",
                    "twilightforest:stream",
                    "twilightforest:lake"
                ]
            }
        },
        {
            "id": "goldeen-twilight-2",
            "pokemon": "goldeen",
            "type": "pokemon",
            "context": "fishing",
            "bucket": "common",
            "level": "5-20",
            "weight": 10.0,
            "condition": {
                "biomes": [
                    "#cobblemon:is_twilight_forest",
                    "twilightforest:stream",
                    "twilightforest:lake"
                ]
            }
        }
    ]
}