{
    "enabled": true,
    "neededInstalledMods": [],
    "neededUninstalledMods": [],
    "spawns": [
        {
            "id": "umbreon-twilight",
            "pokemon": "umbreon",
            "presets": [
                "natural"
            ],
            "type": "pokemon",
            "context": "grounded",
            "bucket": "rare",
            "level": "35-50",
            "weight": 10.0,
            "condition": {
                "biomes": [
                    "twilightforest:dark_forest",
                    "twilightforest:spooky_forest"
                ]
            }
        }
    ]
}