{
    "enabled": "true",
    "neededInstalledMods": [],
    "neededUninstalledMods": [],
    "spawns": [
        {
            "id": "smoochum-twilight-1",
            "pokemon": "smoochum",
            "presets": [
                "aurora_palace"
            ],
            "type": "pokemon",
            "context": "grounded",
            "bucket": "uncommon",
            "level": "10-30",
            "weight": 10.0,
            "condition": {
                "canSeeSky": false,
                "biomes": [
                    "twilightforest:glacier"
                ]
            }
        }
    ]
}