{
    "enabled": "true",
    "neededInstalledMods": [],
    "neededUninstalledMods": [],
    "spawns": [
        {
            "id": "loudred-twilight-1",
            "pokemon": "loudred",
            "presets": [
                "labyrinth"
            ],
            "type": "pokemon",
            "context": "grounded",
            "bucket": "common",
            "level": "30-40",
            "weight": 10.0,
            "condition": {
                "biomes": [
                    "twilightforest:underground"
                ]
            }
        }
    ]
}