{
    "enabled": true,
    "neededInstalledMods": [],
    "neededUninstalledMods": [],
    "spawns": [
        {
            "id": "joltik-twilight-1",
            "pokemon": "joltik",
            "presets": [
                "dark_tower"
            ],
            "type": "pokemon",
            "context": "grounded",
            "bucket": "common",
            "level": "30-40",
            "weight": 10.0,
            "condition": {
                "canSeeSky": false,
                "biomes": [
                    "twilightforest:dark_forest_center"
                ]
            }
        },
        {
            "id": "joltik-twilight-2",
            "pokemon": "joltik",
            "presets": [
                "natural"
            ],
            "type": "pokemon",
            "context": "grounded",
            "bucket": "uncommon",
            "level": "10-30",
            "weight": 10.0,
            "condition": {
                "biomes": [
                    "twilightforest:highlands"
                ]
            }
        }
    ]
}