{
    "type": "minecraft:crafting_shaped",
    "pattern": [
        "IBI",
        "YPY",
		"IRI"
    ],
    "key": {
        "Y": {
            "item": "minecraft:yellow_dye"
        },
        "I": {
            "item": "create:iron_sheet"
        },
        "B": {
            "tag": "minecraft:buttons"
        },
        "R": {
            "item": "minecraft:redstone"
        },
        "P": {
            "item": "minecraft:piston"
        }
    },
    "result": {
        "item": "cobblemon:eject_button"
    }
}
