{
    "type": "minecraft:crafting_shaped",
    "pattern": [
        "cQc",
        "iRi",
        "iDi"
    ],
    "key": {
        "c": {
            "item": "create:copper_sheet"
        },
        "Q": {
            "item": "minecraft:ghast_tear"
        },
        "i": {
            "item": "minecraft:iron_ingot"
        },
        "R": {
            "item": "cobblemon:revive"
        },
        "D": {
            "item": "minecraft:diamond"
        }
    },
    "result": {
        "item": "cobblemon:healing_machine"
    }
}
