{
	"credit": "Made with Blockbench",
	"texture_size": [64, 64],
	"textures": {
		"0": "musketmod:item/musket_with_scope",
		"particle": "musketmod:item/musket_with_scope"
	},
	"elements": [
		{
			"from": [8, 1, 12],
			"to": [8, 3, 15],
			"rotation": {"angle": 0, "axis": "y", "origin": [8, 2, 13.5]},
			"faces": {
				"north": {"uv": [0, 0, 0.25, 0.25], "texture": "#0"},
				"east": {"uv": [1, 1, 0.25, 1.5], "texture": "#0"},
				"south": {"uv": [0, 0, 0.25, 0.25], "texture": "#0"},
				"west": {"uv": [0.25, 1, 1, 1.5], "texture": "#0"},
				"up": {"uv": [0, 0, 0.25, 0.25], "rotation": 180, "texture": "#0"},
				"down": {"uv": [0, 0, 0.25, 0.25], "rotation": 180, "texture": "#0"}
			}
		},
		{
			"from": [6.9, 2.9, -2.1],
			"to": [9.1, 6.1, -0.9],
			"rotation": {"angle": 0, "axis": "y", "origin": [1.1, 1.6, -4.9]},
			"faces": {
				"north": {"uv": [8.75, 0.25, 9.25, 1], "texture": "#0"},
				"east": {"uv": [7.25, 2.25, 7.5, 3], "texture": "#0"},
				"south": {"uv": [9.5, 0.25, 10, 1], "texture": "#0"},
				"west": {"uv": [4.5, 1.25, 4.75, 2], "texture": "#0"},
				"up": {"uv": [1.75, 1.5, 2.25, 1.75], "texture": "#0"},
				"down": {"uv": [2.5, 1.75, 3, 1.5], "texture": "#0"}
			}
		},
		{
			"from": [6.999, 3, -3],
			"to": [9.001, 6, 15],
			"rotation": {"angle": 0, "axis": "y", "origin": [1, 1, -5]},
			"faces": {
				"north": {"uv": [8, 0.25, 8.5, 1], "texture": "#0"},
				"east": {"uv": [3.25, 2.25, 7.75, 3], "texture": "#0"},
				"south": {"uv": [14.25, 1, 14.75, 1.75], "texture": "#0"},
				"west": {"uv": [4.25, 1.25, 8.75, 2], "texture": "#0"},
				"up": {"uv": [1.75, 1.25, 2.25, 5.75], "texture": "#0"},
				"down": {"uv": [2.5, 5.75, 3, 1.25], "texture": "#0"}
			}
		},
		{
			"from": [7, 3, 15],
			"to": [9, 6, 20],
			"rotation": {"angle": 22.5, "axis": "x", "origin": [8, 6, 15]},
			"faces": {
				"north": {"uv": [8.75, 3, 9.25, 2.25], "texture": "#0"},
				"east": {"uv": [12, 0.25, 13.25, 1], "texture": "#0"},
				"south": {"uv": [9.5, 2.25, 10, 3], "texture": "#0"},
				"west": {"uv": [10.5, 0.25, 11.75, 1], "texture": "#0"},
				"up": {"uv": [12.25, 1.25, 12.75, 2.5], "texture": "#0"},
				"down": {"uv": [15, 1.25, 15.5, 0], "texture": "#0"}
			}
		},
		{
			"from": [7, 1.31494, 18.47135],
			"to": [9, 5.31494, 24.47135],
			"rotation": {"angle": 22.5, "axis": "x", "origin": [8, 1.31494, 18.47135]},
			"faces": {
				"north": {"uv": [14.25, 0.25, 14.75, 1.25], "texture": "#0"},
				"east": {"uv": [10.5, 2.5, 12, 3.5], "texture": "#0"},
				"south": {"uv": [13.5, 0.25, 14, 1.25], "texture": "#0"},
				"west": {"uv": [10.5, 1.25, 12, 2.25], "texture": "#0"},
				"up": {"uv": [14.25, 0.25, 14.75, 1.75], "texture": "#0"},
				"down": {"uv": [15, 2.25, 15.5, 0.75], "texture": "#0"}
			}
		},
		{
			"from": [7, 4, -9],
			"to": [9, 6, -3],
			"rotation": {"angle": 0, "axis": "y", "origin": [5, 5, 3]},
			"faces": {
				"north": {"uv": [0.25, 0.25, 0.75, 0.75], "texture": "#0"},
				"east": {"uv": [7.75, 2.25, 9.25, 2.75], "texture": "#0"},
				"south": {"uv": [0.25, 0.25, 0.75, 0.75], "texture": "#0"},
				"west": {"uv": [7.5, 3.25, 9, 3.75], "texture": "#0"},
				"up": {"uv": [8.5, 4, 9, 5.5], "texture": "#0"},
				"down": {"uv": [7.75, 5.5, 8.25, 4], "texture": "#0"}
			}
		},
		{
			"from": [7, 6, 1],
			"to": [9, 8, 9],
			"rotation": {"angle": 0, "axis": "y", "origin": [5, 6, 3]},
			"faces": {
				"north": {"uv": [0.25, 3, 0.75, 3.5], "texture": "#0"},
				"east": {"uv": [3.25, 4, 5.25, 4.5], "texture": "#0"},
				"south": {"uv": [1, 3, 1.5, 3.5], "texture": "#0"},
				"west": {"uv": [3.25, 4.75, 5.25, 5.25], "texture": "#0"},
				"up": {"uv": [6.5, 4, 7, 6], "texture": "#0"},
				"down": {"uv": [5.75, 6, 6.25, 4], "texture": "#0"}
			}
		},
		{
			"from": [7.5, 3, -6],
			"to": [8.5, 4, -3],
			"rotation": {"angle": 0, "axis": "y", "origin": [6.5, 2, -5]},
			"faces": {
				"north": {"uv": [0.25, 4, 0.5, 4.25], "texture": "#0"},
				"east": {"uv": [0.75, 5.25, 1.5, 5.5], "texture": "#0"},
				"south": {"uv": [0.75, 4, 1, 4.25], "texture": "#0"},
				"west": {"uv": [0.75, 4.75, 1.5, 5], "texture": "#0"},
				"up": {"uv": [0.25, 4.75, 0.5, 5.5], "texture": "#0"},
				"down": {"uv": [0.25, 5.75, 0.5, 6.5], "texture": "#0"}
			}
		},
		{
			"from": [8, 6, -9],
			"to": [8, 7, -7],
			"rotation": {"angle": 0, "axis": "y", "origin": [8, 3.5, -8.5]},
			"faces": {
				"north": {"uv": [0, 0, 0.25025, 0.25], "texture": "#0"},
				"east": {"uv": [1.75, 0.25, 2.25, 0.5], "texture": "#0"},
				"south": {"uv": [0, 0, 0.25025, 0.25], "texture": "#0"},
				"west": {"uv": [2.25, 0.25, 1.75, 0.5], "texture": "#0"},
				"up": {"uv": [0, 0, 0.00025, 0.5], "texture": "#0"},
				"down": {"uv": [0, 0, 0.00025, 0.5], "texture": "#0"}
			}
		},
		{
			"from": [6.9, 2.9, 2.9],
			"to": [9.1, 8.1, 4.1],
			"rotation": {"angle": 0, "axis": "y", "origin": [1.1, 1.1, -5.9]},
			"faces": {
				"north": {"uv": [8.75, 0.25, 9.25, 1], "texture": "#0"},
				"east": {"uv": [6, 3.25, 6.25, 4.25], "texture": "#0"},
				"south": {"uv": [9.5, 0.25, 10, 1], "texture": "#0"},
				"west": {"uv": [5.75, 1.25, 6, 2.25], "texture": "#0"},
				"up": {"uv": [1.75, 2.75, 2.25, 3], "texture": "#0"},
				"down": {"uv": [2.5, 3, 3, 2.75], "texture": "#0"}
			}
		},
		{
			"from": [6.9, 2.9, 6.9],
			"to": [9.1, 8.1, 8.1],
			"rotation": {"angle": 0, "axis": "y", "origin": [1.1, 1.1, -1.9]},
			"faces": {
				"north": {"uv": [8.75, 0.25, 9.25, 1], "texture": "#0"},
				"east": {"uv": [6, 3.25, 6.25, 4.25], "texture": "#0"},
				"south": {"uv": [9.5, 0.25, 10, 1], "texture": "#0"},
				"west": {"uv": [5.75, 1.25, 6, 2.25], "texture": "#0"},
				"up": {"uv": [1.75, 2.75, 2.25, 3], "texture": "#0"},
				"down": {"uv": [2.5, 3, 3, 2.75], "texture": "#0"}
			}
		},
		{
			"from": [9.01, 4, 8],
			"to": [9.011, 6, 11],
			"rotation": {"angle": 22.5, "axis": "x", "origin": [9, 4.5, 10.5]},
			"faces": {
				"north": {"uv": [0, 0, 0.00025, 0.5], "rotation": 180, "texture": "#0"},
				"east": {"uv": [1, 2, 1.5, 2.75], "rotation": 90, "texture": "#0"},
				"south": {"uv": [0, 0, 0.00025, 0.5], "texture": "#0"},
				"west": {"uv": [1.5, 2, 1, 2.75], "rotation": 270, "texture": "#0"},
				"up": {"uv": [0, 0, 0.25025, 0.25], "texture": "#0"},
				"down": {"uv": [0, 0, 0.25025, 0.25], "rotation": 180, "texture": "#0"}
			}
		},
		{
			"from": [9.01, 4, 13],
			"to": [9.011, 8, 15],
			"rotation": {"angle": -45, "axis": "x", "origin": [9, 4.5, 13.5]},
			"faces": {
				"north": {"uv": [0, 0, 0.25025, 0.25], "texture": "#0"},
				"east": {"uv": [0.25, 1.75, 0.75, 2.75], "texture": "#0"},
				"south": {"uv": [0, 0, 0.25025, 0.25], "texture": "#0"},
				"west": {"uv": [0.75, 1.75, 0.25, 2.75], "texture": "#0"},
				"up": {"uv": [0, 0, 0.00025, 0.5], "texture": "#0"},
				"down": {"uv": [0, 0, 0.00025, 0.5], "texture": "#0"}
			}
		}
	],
	"gui_light": "front",
	"overrides": [
		{"predicate": {"musketmod:loaded": 1}, "model": "musketmod:item/musket_with_scope_loaded"}
	],
	"display": {
		"thirdperson_righthand": {
			"rotation": [5, -9, 0],
			"translation": [-0.5, 4.5, -4.25],
			"scale": [0.85, 0.85, 0.85]
		},
		"thirdperson_lefthand": {
			"rotation": [158, 0, 0],
			"translation": [0, 0.5, 16.5],
			"scale": [0.85, 0.85, 0.85]
		},
		"firstperson_righthand": {
			"translation": [1, 2, -5],
			"scale": [0.58, 0.58, 0.54]
		},
		"firstperson_lefthand": {
			"rotation": [45, 0, 0],
			"translation": [1, 5, -2],
			"scale": [0.58, 0.58, 0.54]
		},
		"ground": {
			"rotation": [90, 0, 90],
			"translation": [0, 11, 0],
			"scale": [0.8, 0.8, 0.8]
		},
		"gui": {
			"rotation": [30, 130, 0],
			"translation": [0, 1.5, 0],
			"scale": [0.56, 0.56, 0.56]
		},
		"fixed": {
			"rotation": [0, 90, 0],
			"translation": [-0.5, 5, -2.5],
			"scale": [1.5, 1.5, 1.5]
		}
	}
}