{
	"credit": "Made with Blockbench",
	"parent": "minecraft:block/thin_block",
	"ambientocclusion": false,
	"textures": {
		"particle": "cobblemon:block/black_tumblestone_cluster",
		"tumble": "cobblemon:block/black_tumblestone_cluster"
	},
	"elements": [
		{
			"from": [8, 0, 8],
			"to": [12, 5, 12],
			"rotation": {"angle": 0, "axis": "y", "origin": [10.5, 3, 10.5]},
			"faces": {
				"north": {"uv": [7, 12, 3, 16], "texture": "#tumble"},
				"east": {"uv": [6, 12, 10, 16], "texture": "#tumble"},
				"south": {"uv": [7, 12, 3, 16], "texture": "#tumble"},
				"west": {"uv": [10, 12, 14, 16], "texture": "#tumble"},
				"up": {"uv": [16, 4, 12, 0], "rotation": 180, "texture": "#tumble"},
				"down": {"uv": [16, 0, 12, 4], "rotation": 180, "texture": "#tumble", "cullface": "down"}
			}
		},
		{
			"from": [8, 0, 3],
			"to": [13, 6, 8],
			"rotation": {"angle": 0, "axis": "y", "origin": [12, 4.5, 6]},
			"faces": {
				"north": {"uv": [7, 7, 3, 12], "texture": "#tumble"},
				"east": {"uv": [4, 7, 0, 12], "texture": "#tumble"},
				"south": {"uv": [7, 7, 3, 12], "texture": "#tumble"},
				"west": {"uv": [0, 7, 4, 12], "texture": "#tumble"},
				"up": {"uv": [4, 4, 0, 0], "rotation": 180, "texture": "#tumble"},
				"down": {"uv": [4, 0, 0, 4], "rotation": 180, "texture": "#tumble", "cullface": "down"}
			}
		},
		{
			"from": [4, 0, 9],
			"to": [8, 9, 13],
			"rotation": {"angle": 0, "axis": "y", "origin": [7.5, 3, 11.5]},
			"faces": {
				"north": {"uv": [10, 8, 13, 14], "texture": "#tumble"},
				"east": {"uv": [10, 7, 7, 13], "texture": "#tumble"},
				"south": {"uv": [13, 7, 16, 13], "texture": "#tumble"},
				"west": {"uv": [16, 8, 13, 14], "texture": "#tumble"},
				"up": {"uv": [16, 4, 13, 1], "rotation": 180, "texture": "#tumble"},
				"down": {"uv": [7, 0, 4, 3], "rotation": 90, "texture": "#tumble", "cullface": "down"}
			}
		},
		{
			"from": [4, 0, 6],
			"to": [6, 3, 8],
			"rotation": {"angle": 0, "axis": "y", "origin": [6.5, 2, 7.5]},
			"faces": {
				"north": {"uv": [11, 8, 15, 10], "rotation": 270, "texture": "#tumble"},
				"east": {"uv": [7, 10, 11, 8], "rotation": 270, "texture": "#tumble"},
				"south": {"uv": [11, 10, 15, 8], "rotation": 270, "texture": "#tumble"},
				"west": {"uv": [7, 8, 11, 10], "rotation": 270, "texture": "#tumble"},
				"up": {"uv": [8, 0, 10, 2], "texture": "#tumble"},
				"down": {"uv": [12, 0, 16, 4], "texture": "#tumble", "cullface": "down"}
			}
		}
	],
	"display": {
		"thirdperson_righthand": {
			"scale": [0.8, 0.8, 0.8]
		},
		"firstperson_righthand": {
			"translation": [1.75, -1.25, 0]
		},
		"firstperson_lefthand": {
			"translation": [1.75, -1.25, 0]
		}
	},
	"groups": [
		{
			"name": "large",
			"origin": [3.5, 2, 4.5],
			"color": 0,
			"children": [0, 1, 2, 3]
		}
	]
}