{
	"credit": "Made with Blockbench",
	"parent": "minecraft:block/thin_block",
	"ambientocclusion": false,
	"textures": {
		"particle": "cobblemon:block/tumblestone_cluster",
		"tumble": "cobblemon:block/tumblestone_cluster"
	},
	"elements": [
		{
			"from": [8, 0, 4],
			"to": [12, 6, 8],
			"rotation": {"angle": 0, "axis": "y", "origin": [12, 4.5, 7]},
			"faces": {
				"north": {"uv": [6, 8, 3, 13], "texture": "#tumble"},
				"east": {"uv": [4, 6, 1, 11], "texture": "#tumble"},
				"south": {"uv": [7, 9, 4, 14], "texture": "#tumble"},
				"west": {"uv": [0, 7, 3, 12], "texture": "#tumble"},
				"up": {"uv": [7, 3, 4, 0], "rotation": 180, "texture": "#tumble"},
				"down": {"uv": [4, 1, 1, 4], "rotation": 180, "texture": "#tumble", "cullface": "down"}
			}
		},
		{
			"from": [4, 0, 7],
			"to": [8, 4, 11],
			"rotation": {"angle": 0, "axis": "y", "origin": [7, 3, 9]},
			"faces": {
				"north": {"uv": [12, 12, 15, 15], "texture": "#tumble"},
				"east": {"uv": [15, 13, 12, 16], "texture": "#tumble"},
				"south": {"uv": [4, 12, 7, 15], "texture": "#tumble"},
				"west": {"uv": [3, 12, 0, 15], "texture": "#tumble"},
				"up": {"uv": [7, 3, 4, 0], "rotation": 180, "texture": "#tumble"},
				"down": {"uv": [7, 0, 4, 3], "rotation": 90, "texture": "#tumble", "cullface": "down"}
			}
		},
		{
			"from": [9, 0, 9],
			"to": [11, 3, 11],
			"rotation": {"angle": 0, "axis": "y", "origin": [11.5, 2, 10.5]},
			"faces": {
				"north": {"uv": [11, 8, 15, 10], "rotation": 270, "texture": "#tumble"},
				"east": {"uv": [7, 10, 11, 8], "rotation": 270, "texture": "#tumble"},
				"south": {"uv": [11, 10, 15, 8], "rotation": 270, "texture": "#tumble"},
				"west": {"uv": [7, 8, 11, 10], "rotation": 270, "texture": "#tumble"},
				"up": {"uv": [8, 0, 10, 2], "texture": "#tumble"},
				"down": {"uv": [12, 0, 16, 4], "texture": "#tumble", "cullface": "down"}
			}
		}
	],
	"display": {
		"thirdperson_righthand": {
			"scale": [0.8, 0.8, 0.8]
		},
		"firstperson_righthand": {
			"translation": [1.75, -1.25, 0]
		},
		"firstperson_lefthand": {
			"translation": [1.75, -1.25, 0]
		}
	},
	"groups": [
		{
			"name": "medium",
			"origin": [3.5, 2, 4.5],
			"color": 0,
			"children": [0, 1, 2]
		}
	]
}