{
	"credit": "Made with Blockbench",
	"texture_size": [64, 64],
	"textures": {
		"0": "cobblemon:block/monitor",
		"particle": "cobblemon:block/monitor_particle"
	},
	"elements": [
		{
			"name": "Bottom",
			"from": [1, 0, 1],
			"to": [15, 6, 15],
			"rotation": {"angle": 0, "axis": "y", "origin": [24, 16, 8.25]},
			"faces": {
				"north": {"uv": [0.25, 2.5, 3.75, 4], "texture": "#0"},
				"east": {"uv": [4.25, 2.5, 7.75, 4], "texture": "#0"},
				"south": {"uv": [0.25, 6.5, 3.75, 8], "texture": "#0"},
				"west": {"uv": [7.75, 2.5, 4.25, 4], "texture": "#0"},
				"up": {"uv": [3.75, 4, 0.25, 0.5], "texture": "#0"},
				"down": {"uv": [15.5, 0.25, 12, 3.75], "texture": "#0"}
			}
		},
		{
			"name": "Screen",
			"from": [3, 6, 2],
			"to": [13, 14, 15],
			"rotation": {"angle": 0, "axis": "y", "origin": [24, 16, 8.25]},
			"faces": {
				"north": {"uv": [0.75, 0.5, 3.25, 2.5], "texture": "#0"},
				"east": {"uv": [2.5, 9, 5.75, 11], "texture": "#0"},
				"south": {"uv": [0.75, 4.5, 3.25, 6.5], "texture": "#0"},
				"west": {"uv": [5.75, 9.25, 9, 11.25], "texture": "#0"},
				"up": {"uv": [2.5, 10.25, 0, 7], "texture": "#0"},
				"down": {"uv": [9.5, 0, 7, 3.25], "texture": "#0"}
			}
		},
		{
			"name": "Top",
			"from": [1, 14, 1],
			"to": [15, 16, 15],
			"rotation": {"angle": 0, "axis": "y", "origin": [24, 16, 8.25]},
			"faces": {
				"north": {"uv": [0.25, 0, 3.75, 0.5], "texture": "#0"},
				"east": {"uv": [4.25, 0, 7.75, 0.5], "texture": "#0"},
				"south": {"uv": [0.25, 4, 3.75, 4.5], "texture": "#0"},
				"west": {"uv": [7.75, 0, 4.25, 0.5], "texture": "#0"},
				"up": {"uv": [11.75, 3.75, 8.25, 0.25], "texture": "#0"},
				"down": {"uv": [7.75, 0.5, 4.25, 4], "texture": "#0"}
			}
		},
		{
			"name": "R_side",
			"from": [13, 6, 1],
			"to": [15, 14, 15],
			"rotation": {"angle": 0, "axis": "y", "origin": [24, 16, 8.25]},
			"faces": {
				"north": {"uv": [0.25, 0.5, 0.75, 2.5], "texture": "#0"},
				"east": {"uv": [4.25, 0.5, 7.75, 2.5], "texture": "#0"},
				"south": {"uv": [3.25, 4.5, 3.75, 6.5], "texture": "#0"},
				"west": {"uv": [11.75, 0.75, 15.25, 2.75], "texture": "#0"},
				"up": {"uv": [12.25, 3.75, 11.75, 0.25], "texture": "#0"},
				"down": {"uv": [12.25, 0.25, 11.75, 3.75], "texture": "#0"}
			}
		},
		{
			"name": "L_side",
			"from": [1, 6, 1],
			"to": [3, 14, 15],
			"rotation": {"angle": 0, "axis": "y", "origin": [24, 16, 8.25]},
			"faces": {
				"north": {"uv": [3.25, 0.5, 3.75, 2.5], "texture": "#0"},
				"east": {"uv": [11.75, 0.75, 15.25, 2.75], "texture": "#0"},
				"south": {"uv": [0.25, 4.5, 0.75, 6.5], "texture": "#0"},
				"west": {"uv": [7.75, 0.5, 4.25, 2.5], "texture": "#0"},
				"up": {"uv": [12.25, 3.75, 11.75, 0.25], "texture": "#0"},
				"down": {"uv": [12.25, 0.25, 11.75, 3.75], "texture": "#0"}
			}
		}
	],
	"display": {
		"thirdperson_righthand": {
			"rotation": [75, 135, 0],
			"translation": [0, 2.5, 0],
			"scale": [0.375, 0.375, 0.375]
		},
		"firstperson_righthand": {
			"rotation": [0, 135, 0],
			"scale": [0.4, 0.4, 0.4]
		},
		"firstperson_lefthand": {
			"rotation": [0, 135, 0],
			"scale": [0.4, 0.4, 0.4]
		},
		"ground": {
			"translation": [0, 3, 0],
			"scale": [0.25, 0.25, 0.25]
		},
		"gui": {
			"rotation": [30, 225, 0],
			"scale": [0.625, 0.625, 0.625]
		},
		"fixed": {
			"scale": [0.5, 0.5, 0.5]
		}
	},
	"groups": [
		{
			"name": "monitor",
			"origin": [0, 0, 0],
			"color": 0,
			"children": [0, 1, 2, 3, 4]
		}
	]
}