{
	"credit": "EikoBiko",
	"texture_size": [64, 64],
	"textures": {
		"0": "cobblemon:block/pasture",
		"particle": "cobblemon:block/pasture_particle"
	},
	"elements": [
		{
			"name": "Cable_top",
			"from": [4, 12, 5],
			"to": [12, 16, 13],
			"rotation": {"angle": 0, "axis": "y", "origin": [8, 14, 9]},
			"faces": {
				"north": {"uv": [5.25, 8.5, 6.25, 10.5], "rotation": 90, "texture": "#0"},
				"east": {"uv": [5.25, 8.5, 6.25, 10.5], "rotation": 90, "texture": "#0"},
				"south": {"uv": [6.25, 8.5, 5.25, 10.5], "rotation": 270, "texture": "#0"},
				"west": {"uv": [5.25, 8.5, 6.25, 10.5], "rotation": 90, "texture": "#0"},
				"up": {"uv": [2, 15, 3, 16], "rotation": 180, "texture": "#0"},
				"down": {"uv": [0, 14, 2, 16], "texture": "#0"}
			}
		},
		{
			"name": "L_cable",
			"from": [15, 2, 6],
			"to": [16, 14, 10],
			"rotation": {"angle": 0, "axis": "y", "origin": [16, 2, 9]},
			"faces": {
				"north": {"uv": [4.75, 8, 5, 11], "texture": "#0"},
				"east": {"uv": [3.5, 8, 4.5, 11], "texture": "#0"},
				"south": {"uv": [4.75, 8, 5, 11], "texture": "#0"},
				"west": {"uv": [4.5, 8, 5.5, 11], "texture": "#0"},
				"up": {"uv": [4.75, 8.75, 5, 9.75], "rotation": 180, "texture": "#0"},
				"down": {"uv": [4.875, 8.875, 5.125, 9.875], "rotation": 180, "texture": "#0"}
			}
		},
		{
			"name": "R_cable",
			"from": [0, 2, 6],
			"to": [1, 14, 10],
			"rotation": {"angle": 0, "axis": "y", "origin": [0, 2, 7]},
			"faces": {
				"north": {"uv": [3.25, 8, 3.5, 11], "texture": "#0"},
				"east": {"uv": [4.5, 8, 5.5, 11], "texture": "#0"},
				"south": {"uv": [4.5, 8, 4.75, 11], "texture": "#0"},
				"west": {"uv": [3.5, 8, 4.5, 11], "texture": "#0"},
				"up": {"uv": [4.625, 8, 4.875, 9], "texture": "#0"},
				"down": {"uv": [4.75, 8.5, 5, 9.5], "texture": "#0"}
			}
		},
		{
			"name": "1Leg",
			"from": [14, 0, 0],
			"to": [16, 16, 2],
			"rotation": {"angle": 0, "axis": "y", "origin": [15, 0, 1]},
			"faces": {
				"north": {"uv": [7.5, 12, 8, 16], "texture": "#0"},
				"east": {"uv": [6.5, 12, 7, 16], "texture": "#0"},
				"south": {"uv": [7, 12, 7.5, 16], "texture": "#0"},
				"west": {"uv": [7, 12, 7.5, 16], "texture": "#0"},
				"up": {"uv": [2.5, 14, 3, 14.5], "texture": "#0"},
				"down": {"uv": [3.5, 0.5, 3, 0], "texture": "#0"}
			}
		},
		{
			"name": "2Leg",
			"from": [14, 0, 14],
			"to": [16, 16, 16],
			"rotation": {"angle": 0, "axis": "y", "origin": [15, 0, 15]},
			"faces": {
				"north": {"uv": [7, 12, 7.5, 16], "texture": "#0"},
				"east": {"uv": [7.5, 12, 8, 16], "texture": "#0"},
				"south": {"uv": [6.5, 12, 7, 16], "texture": "#0"},
				"west": {"uv": [7, 12, 7.5, 16], "texture": "#0"},
				"up": {"uv": [2.5, 14.5, 3, 15], "texture": "#0"},
				"down": {"uv": [3.5, 4, 3, 3.5], "texture": "#0"}
			}
		},
		{
			"name": "3Leg",
			"from": [0, 0, 14],
			"to": [2, 16, 16],
			"rotation": {"angle": 0, "axis": "y", "origin": [1, 0, 15]},
			"faces": {
				"north": {"uv": [7, 12, 7.5, 16], "texture": "#0"},
				"east": {"uv": [7, 12, 7.5, 16], "texture": "#0"},
				"south": {"uv": [7.5, 12, 8, 16], "texture": "#0"},
				"west": {"uv": [6.5, 12, 7, 16], "texture": "#0"},
				"up": {"uv": [2, 14.5, 2.5, 15], "texture": "#0"},
				"down": {"uv": [7, 4, 6.5, 3.5], "texture": "#0"}
			}
		},
		{
			"name": "4Leg",
			"from": [0, 0, 0],
			"to": [2, 16, 2],
			"rotation": {"angle": 0, "axis": "y", "origin": [1, 0, 1]},
			"faces": {
				"north": {"uv": [6.5, 12, 7, 16], "texture": "#0"},
				"east": {"uv": [7, 12, 7.5, 16], "texture": "#0"},
				"south": {"uv": [7, 12, 7.5, 16], "texture": "#0"},
				"west": {"uv": [7.5, 12, 8, 16], "texture": "#0"},
				"up": {"uv": [2, 14, 2.5, 14.5], "texture": "#0"},
				"down": {"uv": [7, 0.5, 6.5, 0], "texture": "#0"}
			}
		},
		{
			"name": "B_F",
			"from": [2, 2, 1],
			"to": [14, 14, 2],
			"rotation": {"angle": 0, "axis": "y", "origin": [15, 0, 1]},
			"faces": {
				"north": {"uv": [0.25, 7.75, 3.25, 10.75], "texture": "#0"},
				"east": {"uv": [0, 11, 0.25, 14], "texture": "#0"},
				"south": {"uv": [3.25, 11, 6.25, 14], "texture": "#0"},
				"west": {"uv": [0, 11, 0.25, 14], "texture": "#0"},
				"up": {"uv": [0, 11, 0.25, 14], "texture": "#0"},
				"down": {"uv": [0, 11, 0.25, 14], "texture": "#0"}
			}
		},
		{
			"name": "B_L",
			"from": [14, 2, 2],
			"to": [15, 14, 14],
			"rotation": {"angle": 0, "axis": "y", "origin": [15, 0, 15]},
			"faces": {
				"north": {"uv": [0, 11, 0.25, 14], "texture": "#0"},
				"east": {"uv": [0.25, 11, 3.25, 14], "texture": "#0"},
				"south": {"uv": [0, 11, 0.25, 14], "texture": "#0"},
				"west": {"uv": [3.25, 11, 6.25, 14], "texture": "#0"},
				"up": {"uv": [0, 11, 0.25, 14], "texture": "#0"},
				"down": {"uv": [0, 11, 0.25, 14], "texture": "#0"}
			}
		},
		{
			"name": "B_R",
			"from": [1, 2, 2],
			"to": [2, 14, 14],
			"rotation": {"angle": 0, "axis": "y", "origin": [1, 0, 1]},
			"faces": {
				"north": {"uv": [0, 11, 0.25, 14], "texture": "#0"},
				"east": {"uv": [3.25, 11, 6.25, 14], "texture": "#0"},
				"south": {"uv": [0, 11, 0.25, 14], "texture": "#0"},
				"west": {"uv": [0.25, 11, 3.25, 14], "texture": "#0"},
				"up": {"uv": [0, 11, 0.25, 14], "texture": "#0"},
				"down": {"uv": [0, 11, 0.25, 14], "texture": "#0"}
			}
		},
		{
			"name": "Foot_F",
			"from": [2, 0, 0],
			"to": [14, 2, 2],
			"rotation": {"angle": 0, "axis": "y", "origin": [14, 0, 1]},
			"faces": {
				"north": {"uv": [3.25, 15.5, 6.25, 16], "texture": "#0"},
				"east": {"uv": [3, 14.25, 3.5, 14.75], "texture": "#0"},
				"south": {"uv": [3.25, 14.5, 6.25, 15], "texture": "#0"},
				"west": {"uv": [3, 14.25, 3.5, 14.75], "texture": "#0"},
				"up": {"uv": [3.25, 14.5, 6.25, 15], "texture": "#0"},
				"down": {"uv": [3.5, 0.5, 6.5, 0], "texture": "#0"}
			}
		},
		{
			"name": "Foot_R",
			"from": [0, 0, 2],
			"to": [2, 2, 14],
			"rotation": {"angle": 0, "axis": "y", "origin": [1, 0, 1]},
			"faces": {
				"north": {"uv": [3, 14.25, 3.5, 14.75], "texture": "#0"},
				"east": {"uv": [3.25, 14.5, 6.25, 15], "texture": "#0"},
				"south": {"uv": [3, 14.25, 3.5, 14.75], "texture": "#0"},
				"west": {"uv": [3.25, 15.5, 6.25, 16], "texture": "#0"},
				"up": {"uv": [3.25, 14.5, 6.25, 15], "rotation": 270, "texture": "#0"},
				"down": {"uv": [7, 0.5, 6.5, 3.5], "texture": "#0"}
			}
		},
		{
			"name": "Foot_L",
			"from": [14, 0, 2],
			"to": [16, 2, 14],
			"rotation": {"angle": 0, "axis": "y", "origin": [15, 0, 15]},
			"faces": {
				"north": {"uv": [3, 14.25, 3.5, 14.75], "texture": "#0"},
				"east": {"uv": [3.25, 15.5, 6.25, 16], "texture": "#0"},
				"south": {"uv": [3, 14.25, 3.5, 14.75], "texture": "#0"},
				"west": {"uv": [3.25, 14.5, 6.25, 15], "texture": "#0"},
				"up": {"uv": [3.25, 14.5, 6.25, 15], "rotation": 90, "texture": "#0"},
				"down": {"uv": [3.5, 0.5, 3, 3.5], "texture": "#0"}
			}
		},
		{
			"name": "Top_F",
			"from": [2, 14, 0],
			"to": [14, 16, 2],
			"rotation": {"angle": 0, "axis": "y", "origin": [15, 0, 1]},
			"faces": {
				"north": {"uv": [3, 14, 6, 14.5], "texture": "#0"},
				"east": {"uv": [3, 14.5, 3.5, 15], "texture": "#0"},
				"south": {"uv": [1.625, 7.375, 3.125, 7.625], "texture": "#0"},
				"west": {"uv": [3, 14.5, 3.5, 15], "texture": "#0"},
				"up": {"uv": [3, 14.5, 6, 14], "rotation": 180, "texture": "#0"},
				"down": {"uv": [3.25, 15.25, 6.25, 14.75], "texture": "#0"}
			}
		},
		{
			"name": "Top_R",
			"from": [0, 14, 2],
			"to": [2, 16, 14],
			"rotation": {"angle": 0, "axis": "y", "origin": [1, 0, 1]},
			"faces": {
				"north": {"uv": [3, 14.5, 3.5, 15], "texture": "#0"},
				"east": {"uv": [1.625, 7.375, 3.125, 7.625], "texture": "#0"},
				"south": {"uv": [3, 14.5, 3.5, 15], "texture": "#0"},
				"west": {"uv": [3, 14, 6, 14.5], "texture": "#0"},
				"up": {"uv": [3, 14.5, 6, 14], "rotation": 90, "texture": "#0"},
				"down": {"uv": [3.25, 14.75, 6.25, 15.25], "rotation": 270, "texture": "#0"}
			}
		},
		{
			"name": "Top_L",
			"from": [14, 14, 2],
			"to": [16, 16, 14],
			"rotation": {"angle": 0, "axis": "y", "origin": [15, 0, 15]},
			"faces": {
				"north": {"uv": [3, 14.5, 3.5, 15], "texture": "#0"},
				"east": {"uv": [3, 14, 6, 14.5], "texture": "#0"},
				"south": {"uv": [3, 14.5, 3.5, 15], "texture": "#0"},
				"west": {"uv": [1.625, 7.375, 3.125, 7.625], "texture": "#0"},
				"up": {"uv": [3, 14.5, 6, 14], "rotation": 270, "texture": "#0"},
				"down": {"uv": [3.25, 14.75, 6.25, 15.25], "rotation": 90, "texture": "#0"}
			}
		},
		{
			"name": "Bottom",
			"from": [2, 0, 2],
			"to": [14, 2, 16],
			"rotation": {"angle": 0, "axis": "y", "origin": [1, 0, 15]},
			"faces": {
				"north": {"uv": [3.25, 14.25, 6.25, 14.75], "texture": "#0"},
				"east": {"uv": [3, 14.25, 3.5, 14.75], "texture": "#0"},
				"south": {"uv": [3.125, 15.5, 6.125, 16], "texture": "#0"},
				"west": {"uv": [3.25, 14.25, 6.25, 14.75], "texture": "#0"},
				"up": {"uv": [3.25, 0, 6.75, 4], "texture": "#0"},
				"down": {"uv": [3.5, 4, 6.5, 0.5], "texture": "#0"}
			}
		},
		{
			"name": "Top",
			"from": [2, 14, 2],
			"to": [14, 16, 16],
			"rotation": {"angle": 0, "axis": "y", "origin": [1, 14, 15]},
			"faces": {
				"north": {"uv": [1.5, 7.375, 3, 7.625], "texture": "#0"},
				"east": {"uv": [3, 14.5, 3.5, 15], "texture": "#0"},
				"south": {"uv": [3, 14, 6, 14.5], "texture": "#0"},
				"west": {"uv": [3, 14.5, 3.5, 15], "texture": "#0"},
				"up": {"uv": [3.5, 0.5, 6.5, 4], "texture": "#0"},
				"down": {"uv": [3.5, 0, 6.5, 3.5], "texture": "#0"}
			}
		},
		{
			"name": "Nest_top",
			"from": [2.75, 1.75, 4.75],
			"to": [13.25, 5.25, 14.25],
			"rotation": {"angle": 0, "axis": "y", "origin": [3, 1, 5]},
			"faces": {
				"north": {"uv": [13.5, 13.25, 16, 14], "texture": "#0"},
				"east": {"uv": [10.5, 12.25, 12.75, 13], "texture": "#0"},
				"south": {"uv": [8, 12.25, 10.5, 13], "texture": "#0"},
				"west": {"uv": [10.75, 12.25, 13.25, 13], "texture": "#0"},
				"up": {"uv": [8, 10, 10.5, 12.25], "texture": "#0"},
				"down": {"uv": [11.125, 2, 12.375, 3.125], "texture": "#0"}
			}
		},
		{
			"name": "Nest",
			"from": [3, 2, 5],
			"to": [13, 5, 14],
			"rotation": {"angle": 0, "axis": "y", "origin": [3, 1, 5]},
			"faces": {
				"north": {"uv": [8, 15.25, 10.5, 16], "texture": "#0"},
				"east": {"uv": [10.5, 14.25, 12.75, 15], "texture": "#0"},
				"south": {"uv": [13.5, 15.25, 16, 16], "texture": "#0"},
				"west": {"uv": [10.75, 15.25, 13, 16], "texture": "#0"},
				"up": {"uv": [8, 13, 10.5, 15.25], "texture": "#0"},
				"down": {"uv": [10.25, 0.125, 11.5, 1.25], "texture": "#0"}
			}
		},
		{
			"name": "NF_F",
			"from": [3, 1, 14],
			"to": [13, 4, 14],
			"rotation": {"angle": -45, "axis": "x", "origin": [7, 4, 14]},
			"faces": {
				"north": {"uv": [13.375, 3.125, 14.625, 2.75], "rotation": 180, "texture": "#0"},
				"east": {"uv": [0, 0, 0.375, 0], "rotation": 270, "texture": "#0"},
				"south": {"uv": [10.75, 13.25, 13.25, 14], "texture": "#0"},
				"west": {"uv": [0, 0, 0.375, 0], "rotation": 90, "texture": "#0"},
				"up": {"uv": [0, 0, 1.25, 0], "rotation": 180, "texture": "#0"},
				"down": {"uv": [0, 0, 1.25, 0], "texture": "#0"}
			}
		},
		{
			"name": "NF_L",
			"from": [3, 4, 4],
			"to": [3, 7, 14],
			"rotation": {"angle": 22.5, "axis": "z", "origin": [3, 4, 8]},
			"faces": {
				"north": {"uv": [0, 0, 0.375, 0], "rotation": 270, "texture": "#0"},
				"east": {"uv": [10.75, 13.25, 13.25, 14], "rotation": 180, "texture": "#0"},
				"south": {"uv": [0, 0, 0.375, 0], "rotation": 90, "texture": "#0"},
				"west": {"uv": [10.75, 14, 13.25, 13.25], "texture": "#0"},
				"up": {"uv": [0, 0, 1.25, 0], "rotation": 90, "texture": "#0"},
				"down": {"uv": [0, 0, 1.25, 0], "rotation": 90, "texture": "#0"}
			}
		},
		{
			"name": "NF_R",
			"from": [13, 4, 4],
			"to": [13, 7, 14],
			"rotation": {"angle": -22.5, "axis": "z", "origin": [13, 4, 10]},
			"faces": {
				"north": {"uv": [0, 0, 0.375, 0], "rotation": 90, "texture": "#0"},
				"east": {"uv": [10.75, 14, 13.25, 13.25], "texture": "#0"},
				"south": {"uv": [0, 0, 0.375, 0], "rotation": 270, "texture": "#0"},
				"west": {"uv": [10.75, 13.25, 13.25, 14], "rotation": 180, "texture": "#0"},
				"up": {"uv": [0, 0, 1.25, 0], "rotation": 270, "texture": "#0"},
				"down": {"uv": [0, 0, 1.25, 0], "rotation": 270, "texture": "#0"}
			}
		},
		{
			"name": "NF_B",
			"from": [3, 5, 5],
			"to": [13, 8, 5],
			"rotation": {"angle": -22.5, "axis": "x", "origin": [9, 5, 5]},
			"faces": {
				"north": {"uv": [13.25, 14, 10.75, 13.25], "texture": "#0"},
				"east": {"uv": [0, 0, 0.375, 0], "rotation": 270, "texture": "#0"},
				"south": {"uv": [10.75, 13.25, 13.25, 14], "rotation": 180, "texture": "#0"},
				"west": {"uv": [0, 0, 0.375, 0], "rotation": 90, "texture": "#0"},
				"up": {"uv": [0, 0, 1.25, 0], "rotation": 180, "texture": "#0"},
				"down": {"uv": [0, 0, 1.25, 0], "texture": "#0"}
			}
		}
	],
	"display": {
		"thirdperson_righthand": {
			"translation": [0, -2, 0],
			"scale": [0.375, 0.375, 0.375]
		},
		"thirdperson_lefthand": {
			"translation": [0, -2, 0],
			"scale": [0.375, 0.375, 0.375]
		},
		"firstperson_righthand": {
			"rotation": [0, 135, 0],
			"translation": [0, -1, 0],
			"scale": [0.4, 0.4, 0.4]
		},
		"firstperson_lefthand": {
			"translation": [0, -1, 0],
			"scale": [0.4, 0.4, 0.4]
		},
		"ground": {
			"scale": [0.25, 0.25, 0.25]
		},
		"gui": {
			"rotation": [30, -135, 0],
			"translation": [0, -2.25, 0],
			"scale": [0.425, 0.425, 0.425]
		},
		"fixed": {
			"translation": [0, -2, 0],
			"scale": [0.425, 0.425, 0.425]
		}
	},
	"groups": [
		{
			"name": "Bottom",
			"origin": [0, 2, 7],
			"color": 0,
			"children": [0, 1, 2, 3, 4, 5, 6, 7, 8, 9, 10, 11, 12, 13, 14, 15, 16, 17, 18, 19, 20, 21, 22, 23]
		}
	]
}