{
	"credit": "EikoBiko",
	"texture_size": [64, 64],
	"textures": {
		"0": "cobblemon:block/pasture",
		"particle": "cobblemon:block/pasture_particle"
	},
	"elements": [
		{
			"name": "kboard",
			"from": [3, 0, 1],
			"to": [13, 1, 5],
			"rotation": {"angle": 0, "axis": "y", "origin": [8, 0, 3]},
			"faces": {
				"north": {"uv": [0.25, 2, 2.75, 2.25], "texture": "#0"},
				"east": {"uv": [0.25, 1, 1.25, 1.25], "texture": "#0"},
				"south": {"uv": [0.25, 1.25, 2.75, 1.5], "texture": "#0"},
				"west": {"uv": [2.5, 0.5, 2.75, 1.5], "rotation": 90, "texture": "#0"},
				"up": {"uv": [2.75, 1.5, 0.25, 0.5], "texture": "#0"},
				"down": {"uv": [4.75, 8.25, 5.25, 10.75], "texture": "#0"}
			}
		},
		{
			"name": "base",
			"from": [2, 0, 6],
			"to": [14, 3, 15],
			"rotation": {"angle": 0, "axis": "y", "origin": [2, 0, 12]},
			"faces": {
				"north": {"uv": [10.25, 0, 13.25, 0.75], "texture": "#0"},
				"east": {"uv": [5.5, 4.5, 7.75, 5.25], "texture": "#0"},
				"south": {"uv": [7.25, 3.25, 10.25, 4], "texture": "#0"},
				"west": {"uv": [5.5, 4.5, 7.75, 5.25], "texture": "#0"},
				"up": {"uv": [8.25, 4.5, 11.25, 6.75], "texture": "#0"},
				"down": {"uv": [8.25, 4.5, 11.25, 6.75], "texture": "#0"}
			}
		},
		{
			"name": "monitor",
			"from": [3, 3, 7],
			"to": [13, 11, 15],
			"rotation": {"angle": 0, "axis": "y", "origin": [2, 0, 12]},
			"faces": {
				"north": {"uv": [0.25, 2.75, 2.75, 4.75], "texture": "#0"},
				"east": {"uv": [3.25, 4.5, 5.25, 6.5], "texture": "#0"},
				"south": {"uv": [7.5, 1, 10, 3], "texture": "#0"},
				"west": {"uv": [3, 4.5, 5, 6.5], "texture": "#0"},
				"up": {"uv": [8.25, 4.5, 10.75, 6.5], "texture": "#0"},
				"down": {"uv": [10.75, 6.625, 8.25, 4.625], "texture": "#0"}
			}
		},
		{
			"name": "L",
			"from": [13, 3, 6],
			"to": [14, 11, 15],
			"rotation": {"angle": 0, "axis": "y", "origin": [3, 0, 12]},
			"faces": {
				"north": {"uv": [8.25, 7, 8.5, 9], "texture": "#0"},
				"east": {"uv": [10.25, 1, 12.5, 3], "texture": "#0"},
				"south": {"uv": [8.5, 7, 8.75, 9], "texture": "#0"},
				"west": {"uv": [3, 4.5, 5.25, 6.5], "texture": "#0"},
				"up": {"uv": [8.5, 7, 8.75, 9], "texture": "#0"},
				"down": {"uv": [6.25, 7.5, 6.125, 8.625], "texture": "#0"}
			}
		},
		{
			"name": "R",
			"from": [2, 3, 6],
			"to": [3, 11, 15],
			"rotation": {"angle": 0, "axis": "y", "origin": [-8, 0, 12]},
			"faces": {
				"north": {"uv": [8.25, 7, 8.5, 9], "texture": "#0"},
				"east": {"uv": [3, 4.5, 5.25, 6.5], "texture": "#0"},
				"south": {"uv": [8.5, 7, 8.75, 9], "texture": "#0"},
				"west": {"uv": [10.25, 1, 12.5, 3], "texture": "#0"},
				"up": {"uv": [8.75, 7, 9, 9], "texture": "#0"},
				"down": {"uv": [6.25, 7.5, 6.125, 8.625], "texture": "#0"}
			}
		},
		{
			"name": "T",
			"from": [2, 11, 6],
			"to": [14, 12, 15],
			"rotation": {"angle": 0, "axis": "y", "origin": [2, 0, 12]},
			"faces": {
				"north": {"uv": [11.5, 6.5, 14.5, 6.75], "texture": "#0"},
				"east": {"uv": [11.75, 6.75, 13.75, 7], "texture": "#0"},
				"south": {"uv": [11.5, 6.75, 14.5, 7], "texture": "#0"},
				"west": {"uv": [12, 6.75, 14, 7], "texture": "#0"},
				"up": {"uv": [11.5, 4.25, 14.5, 6.5], "texture": "#0"},
				"down": {"uv": [8.25, 4.5, 11.25, 6.5], "texture": "#0"}
			}
		}
	],
	"display": {
		"thirdperson_righthand": {
			"translation": [0, -2, 0],
			"scale": [0.375, 0.375, 0.375]
		},
		"thirdperson_lefthand": {
			"translation": [0, -2, 0],
			"scale": [0.375, 0.375, 0.375]
		},
		"firstperson_righthand": {
			"rotation": [0, 135, 0],
			"translation": [0, -1, 0],
			"scale": [0.4, 0.4, 0.4]
		},
		"firstperson_lefthand": {
			"translation": [0, -1, 0],
			"scale": [0.4, 0.4, 0.4]
		},
		"ground": {
			"scale": [0.25, 0.25, 0.25]
		},
		"gui": {
			"rotation": [30, -135, 0],
			"translation": [0, -2.25, 0],
			"scale": [0.425, 0.425, 0.425]
		},
		"fixed": {
			"translation": [0, -2, 0],
			"scale": [0.425, 0.425, 0.425]
		}
	},
	"groups": [
		{
			"name": "Computer_Off",
			"origin": [2, 27, 12],
			"color": 0,
			"children": [0, 1, 2, 3, 4, 5]
		}
	]
}