{
	"credit": "Made with Blockbench",
	"texture_size": [64, 64],
	"textures": {
		"2": "cobblemon:block/restoration_tank",
		"particle": "cobblemon:block/restoration_tank_particle"
	},
	"elements": [
		{
			"name": "bottom",
			"from": [0, 0, 0],
			"to": [16, 3, 16],
			"faces": {
				"north": {"uv": [0, 7.25, 4, 8], "texture": "#2"},
				"east": {"uv": [0, 7.25, 4, 8], "texture": "#2"},
				"south": {"uv": [0, 7.25, 4, 8], "texture": "#2"},
				"west": {"uv": [0, 7.25, 4, 8], "texture": "#2"},
				"up": {"uv": [12, 4, 16, 8], "texture": "#2"},
				"down": {"uv": [8, 4, 12, 8], "texture": "#2"}
			}
		},
		{
			"from": [15, 3, 1],
			"to": [15, 16, 15],
			"faces": {
				"north": {"uv": [4.25, 4, 7.75, 7.25], "texture": "#2"},
				"east": {"uv": [4.25, 4, 7.75, 7.25], "texture": "#2"},
				"south": {"uv": [4.25, 4, 7.75, 7.25], "texture": "#2"},
				"west": {"uv": [3.25, 4.25, 0.75, 6.75], "texture": "#2"},
				"up": {"uv": [12.25, 0.25, 15.75, 3.75], "texture": "#2"},
				"down": {"uv": [12.25, 0.25, 15.75, 3.75], "texture": "#2"}
			}
		},
		{
			"from": [1, 3, 1],
			"to": [15, 16, 1],
			"rotation": {"angle": 0, "axis": "y", "origin": [15, 16, 8]},
			"faces": {
				"north": {"uv": [0.25, 4, 3.75, 7.25], "texture": "#2"},
				"east": {"uv": [0.25, 4, 3.75, 7.25], "texture": "#2"},
				"south": {"uv": [3.25, 4.25, 0.75, 6.75], "texture": "#2"},
				"west": {"uv": [0.25, 4, 3.75, 7.25], "texture": "#2"},
				"up": {"uv": [12.25, 0.25, 15.75, 3.75], "rotation": 270, "texture": "#2"},
				"down": {"uv": [12.25, 0.25, 15.75, 3.75], "rotation": 90, "texture": "#2"}
			}
		},
		{
			"from": [1, 3, 15],
			"to": [15, 16, 15],
			"rotation": {"angle": 0, "axis": "y", "origin": [15, 16, 8]},
			"faces": {
				"north": {"uv": [3.25, 4.25, 0.75, 6.75], "texture": "#2"},
				"east": {"uv": [0.25, 4, 3.75, 7.25], "texture": "#2"},
				"south": {"uv": [0.25, 4, 3.75, 7.25], "texture": "#2"},
				"west": {"uv": [0.25, 4, 3.75, 7.25], "texture": "#2"},
				"up": {"uv": [12.25, 0.25, 15.75, 3.75], "rotation": 270, "texture": "#2"},
				"down": {"uv": [12.25, 0.25, 15.75, 3.75], "rotation": 90, "texture": "#2"}
			}
		},
		{
			"from": [1, 3, 1],
			"to": [1, 16, 15],
			"faces": {
				"north": {"uv": [0.25, 4, 3.75, 7.25], "texture": "#2"},
				"east": {"uv": [3.25, 4.25, 0.75, 6.75], "texture": "#2"},
				"south": {"uv": [0.25, 4, 3.75, 7.25], "texture": "#2"},
				"west": {"uv": [4.25, 4, 7.75, 7.25], "texture": "#2"},
				"up": {"uv": [12.25, 0.25, 15.75, 3.75], "texture": "#2"},
				"down": {"uv": [12.25, 0.25, 15.75, 3.75], "texture": "#2"}
			}
		}
	],
	"display": {
		"thirdperson_righthand": {
			"rotation": [75, 135, 0],
			"translation": [0, 2.5, 0],
			"scale": [0.375, 0.375, 0.375]
		},
		"firstperson_righthand": {
			"rotation": [0, 135, 0],
			"translation": [0, -1, 0],
			"scale": [0.4, 0.4, 0.4]
		},
		"firstperson_lefthand": {
			"rotation": [0, 135, 0],
			"translation": [0, -1, 0],
			"scale": [0.4, 0.4, 0.4]
		},
		"ground": {
			"translation": [0, 3, 0],
			"scale": [0.25, 0.25, 0.25]
		},
		"gui": {
			"rotation": [30, 225, 0],
			"translation": [0, -3, 0],
			"scale": [0.425, 0.425, 0.425]
		},
		"fixed": {
			"translation": [0, -3.75, 0],
			"scale": [0.5, 0.5, 0.5]
		}
	},
	"groups": [
		{
			"name": "restoration_tank",
			"origin": [0, 0, 0],
			"color": 0,
			"children": [0, 1, 2, 3, 4]
		}
	]
}