{
	"credit": "Made with Blockbench",
	"texture_size": [32, 32],
	"textures": {
		"2": "cobblemon:block/restoration_tank_fluid_base"
	},
	"elements": [
		{
			"name": "1",
			"from": [1.5, 3, 1.5],
			"to": [14.5, 6, 14.5],
			"faces": {
				"north": {"uv": [0, 9, 6.5, 10.5], "texture": "#2"},
				"east": {"uv": [0, 9, 6.5, 10.5], "texture": "#2"},
				"south": {"uv": [0, 9, 6.5, 10.5], "texture": "#2"},
				"west": {"uv": [0, 9, 6.5, 10.5], "texture": "#2"},
				"up": {"uv": [9.5, 0, 16, 6.5], "texture": "#2"}
			}
		},
		{
			"name": "2",
			"from": [1.5, 3, 1.5],
			"to": [14.5, 9, 14.5],
			"faces": {
				"north": {"uv": [0, 7.5, 6.5, 10.5], "texture": "#2"},
				"east": {"uv": [0, 7.5, 6.5, 10.5], "texture": "#2"},
				"south": {"uv": [0, 7.5, 6.5, 10.5], "texture": "#2"},
				"west": {"uv": [0, 7.5, 6.5, 10.5], "texture": "#2"},
				"up": {"uv": [9.5, 0, 16, 6.5], "texture": "#2"}
			}
		},
		{
			"name": "3",
			"from": [1.5, 3, 1.5],
			"to": [14.5, 12, 14.5],
			"faces": {
				"north": {"uv": [0, 6, 6.5, 10.5], "texture": "#2"},
				"east": {"uv": [0, 6, 6.5, 10.5], "texture": "#2"},
				"south": {"uv": [0, 6, 6.5, 10.5], "texture": "#2"},
				"west": {"uv": [0, 6, 6.5, 10.5], "texture": "#2"},
				"up": {"uv": [9.5, 0, 16, 6.5], "texture": "#2"}
			}
		},
		{
			"name": "4",
			"from": [1.5, 3, 1.5],
			"to": [14.5, 15, 14.5],
			"faces": {
				"north": {"uv": [0, 4.5, 6.5, 10.5], "texture": "#2"},
				"east": {"uv": [0, 4.5, 6.5, 10.5], "texture": "#2"},
				"south": {"uv": [0, 4.5, 6.5, 10.5], "texture": "#2"},
				"west": {"uv": [0, 4.5, 6.5, 10.5], "texture": "#2"},
				"up": {"uv": [9.5, 0, 16, 6.5], "texture": "#2"}
			}
		},
		{
			"name": "5",
			"from": [1.5, 3, 1.5],
			"to": [14.5, 18, 14.5],
			"faces": {
				"north": {"uv": [0, 3, 6.5, 10.5], "texture": "#2"},
				"east": {"uv": [0, 3, 6.5, 10.5], "texture": "#2"},
				"south": {"uv": [0, 3, 6.5, 10.5], "texture": "#2"},
				"west": {"uv": [0, 3, 6.5, 10.5], "texture": "#2"},
				"up": {"uv": [9.5, 0, 16, 6.5], "texture": "#2"}
			}
		},
		{
			"name": "6",
			"from": [1.5, 3, 1.5],
			"to": [14.5, 21, 14.5],
			"faces": {
				"north": {"uv": [0, 1.5, 6.5, 10.5], "texture": "#2"},
				"east": {"uv": [0, 1.5, 6.5, 10.5], "texture": "#2"},
				"south": {"uv": [0, 1.5, 6.5, 10.5], "texture": "#2"},
				"west": {"uv": [0, 1.5, 6.5, 10.5], "texture": "#2"},
				"up": {"uv": [9.5, 0, 16, 6.5], "texture": "#2"}
			}
		},
		{
			"name": "7",
			"from": [1.5, 3, 1.5],
			"to": [14.5, 24, 14.5],
			"faces": {
				"north": {"uv": [0, 0, 6.5, 10.5], "texture": "#2"},
				"east": {"uv": [0, 0, 6.5, 10.5], "texture": "#2"},
				"south": {"uv": [0, 0, 6.5, 10.5], "texture": "#2"},
				"west": {"uv": [0, 0, 6.5, 10.5], "texture": "#2"},
				"up": {"uv": [9.5, 0, 16, 6.5], "texture": "#2"}
			}
		}
	],
	"groups": [
		{
			"name": "restoration_tank",
			"origin": [0, 0, 0],
			"color": 0,
			"children": [0, 1, 2, 3, 4, 5, 6]
		}
	]
}