{
	"credit": "Made with Blockbench",
	"texture_size": [64, 64],
	"textures": {
		"2": "cobblemon:block/restoration_tank",
		"particle": "cobblemon:block/restoration_tank_particle"
	},
	"elements": [
		{
			"from": [4, 7, 0.98],
			"to": [12, 16, 0.98],
			"rotation": {"angle": 0, "axis": "y", "origin": [8, 0, 8]},
			"faces": {
				"north": {"uv": [9.5, 8.25, 11.5, 10.5], "texture": "#2"},
				"east": {"uv": [9.5, 8.25, 11.5, 10.5], "texture": "#2"},
				"south": {"uv": [11.5, 8.25, 9.5, 10.5], "texture": "#2"},
				"west": {"uv": [9.5, 8.25, 11.5, 10.5], "texture": "#2"},
				"up": {"uv": [12.25, 0.25, 15.75, 3.75], "rotation": 270, "texture": "#2"},
				"down": {"uv": [12.25, 0.25, 15.75, 3.75], "rotation": 90, "texture": "#2"}
			}
		},
		{
			"from": [5, 8, -0.02],
			"to": [11, 14, 0.98],
			"rotation": {"angle": 0, "axis": "y", "origin": [8, 0, 8]},
			"faces": {
				"north": {"uv": [13.25, 1.25, 14.75, 2.75], "texture": "#2"},
				"east": {"uv": [4, 4.5, 4.25, 6], "texture": "#2"},
				"south": {"uv": [13.25, 1.25, 14.75, 2.75], "texture": "#2"},
				"west": {"uv": [4, 4.5, 4.25, 6], "texture": "#2"},
				"up": {"uv": [7.75, 4.5, 8, 6], "rotation": 270, "texture": "#2"},
				"down": {"uv": [7.75, 4.5, 8, 6], "rotation": 90, "texture": "#2"}
			}
		},
		{
			"from": [4, 16, 0.98],
			"to": [9, 29, 0.98],
			"rotation": {"angle": 0, "axis": "y", "origin": [8, 0, 8]},
			"faces": {
				"north": {"uv": [8, 8.25, 9.25, 11.5], "texture": "#2"},
				"south": {"uv": [9.25, 8.25, 8, 11.5], "texture": "#2"}
			}
		}
	],
	"groups": [
		{
			"name": "restoration_tank",
			"origin": [0, 0, 0],
			"color": 0,
			"children": [
				{
					"name": "group",
					"origin": [0, 0, 0],
					"color": 0,
					"children": [0, 1, 2]
				}
			]
		}
	]
}