{
	"credit": "Made with Blockbench",
	"texture_size": [32, 32],
	"textures": {
		"2": "cobblemon:block/restoration_tank_fluid_base",
		"particle": "cobblemon:block/restoration_tank_particle"
	},
	"elements": [
		{
			"name": "3",
			"from": [1.5, 3, 1.5],
			"to": [14.5, 12, 14.5],
			"faces": {
				"north": {"uv": [0, 6, 6.5, 10.5], "texture": "#2"},
				"east": {"uv": [0, 6, 6.5, 10.5], "texture": "#2"},
				"south": {"uv": [0, 6, 6.5, 10.5], "texture": "#2"},
				"west": {"uv": [0, 6, 6.5, 10.5], "texture": "#2"},
				"up": {"uv": [9.5, 0, 16, 6.5], "texture": "#2"}
			}
		}
	],
	"groups": [
		{
			"name": "restoration_tank",
			"origin": [0, 0, 0],
			"color": 0,
			"children": [0]
		}
	]
}