{
	"credit": "Made with Blockbench",
	"texture_size": [64, 64],
	"textures": {
		"2": "cobblemon:block/restoration_tank_animated",
		"particle": "cobblemon:block/restoration_tank_particle"
	},
	"elements": [
		{
			"from": [1, 0, 1],
			"to": [15, 13, 1],
			"rotation": {"angle": 0, "axis": "y", "origin": [15, 16, 8]},
			"faces": {
				"north": {"uv": [0.25, 0.75, 3.75, 4], "texture": "#2"},
				"east": {"uv": [0.25, 0.75, 3.75, 4], "texture": "#2"},
				"south": {"uv": [3.25, 1.25, 0.75, 3.75], "texture": "#2"},
				"west": {"uv": [0.25, 0.75, 3.75, 4], "texture": "#2"},
				"up": {"uv": [12.25, 0.25, 15.75, 3.75], "rotation": 270, "texture": "#2"},
				"down": {"uv": [12.25, 0.25, 15.75, 3.75], "rotation": 90, "texture": "#2"}
			}
		},
		{
			"from": [1, 0, 15],
			"to": [15, 13, 15],
			"rotation": {"angle": 0, "axis": "y", "origin": [15, 16, 8]},
			"faces": {
				"north": {"uv": [3.25, 1.25, 0.75, 3.75], "texture": "#2"},
				"east": {"uv": [0.25, 0.75, 3.75, 4], "texture": "#2"},
				"south": {"uv": [0.25, 0.75, 3.75, 4], "texture": "#2"},
				"west": {"uv": [0.25, 0.75, 3.75, 4], "texture": "#2"},
				"up": {"uv": [12.25, 0.25, 15.75, 3.75], "rotation": 270, "texture": "#2"},
				"down": {"uv": [12.25, 0.25, 15.75, 3.75], "rotation": 90, "texture": "#2"}
			}
		},
		{
			"from": [1, 0, 1],
			"to": [1, 13, 15],
			"faces": {
				"north": {"uv": [0.25, 0.75, 3.75, 4], "texture": "#2"},
				"east": {"uv": [3.25, 1.25, 0.75, 3.75], "texture": "#2"},
				"south": {"uv": [0.25, 0.75, 3.75, 4], "texture": "#2"},
				"west": {"uv": [0.25, 0.75, 3.75, 4], "texture": "#2"},
				"up": {"uv": [12.25, 0.25, 15.75, 3.75], "texture": "#2"},
				"down": {"uv": [12.25, 0.25, 15.75, 3.75], "texture": "#2"}
			}
		},
		{
			"from": [15, 0, 1],
			"to": [15, 13, 15],
			"faces": {
				"north": {"uv": [0.25, 0.75, 3.75, 4], "texture": "#2"},
				"east": {"uv": [0.25, 0.75, 3.75, 4], "texture": "#2"},
				"south": {"uv": [0.25, 0.75, 3.75, 4], "texture": "#2"},
				"west": {"uv": [3.25, 1.25, 0.75, 4], "texture": "#2"},
				"up": {"uv": [12.25, 0.25, 15.75, 3.75], "texture": "#2"},
				"down": {"uv": [12.25, 0.25, 15.75, 3.75], "texture": "#2"}
			}
		},
		{
			"from": [0, 13, 0],
			"to": [16, 16, 16],
			"faces": {
				"north": {"uv": [4, 0, 8, 0.75], "texture": "#2"},
				"east": {"uv": [0, 0, 4, 0.75], "texture": "#2"},
				"south": {"uv": [0, 0, 4, 0.75], "texture": "#2"},
				"west": {"uv": [0, 0, 4, 0.75], "texture": "#2"},
				"up": {"uv": [8, 0, 12, 4], "texture": "#2"},
				"down": {"uv": [12, 8, 16, 12], "texture": "#2"}
			}
		}
	],
	"groups": [
		{
			"name": "restoration_tank",
			"origin": [0, 0, 0],
			"color": 0,
			"children": [0, 1, 2, 3, 4]
		}
	]
}