{
	"credit": "Made with Blockbench",
	"parent": "minecraft:block/thin_block",
	"ambientocclusion": false,
	"textures": {
		"particle": "cobblemon:block/sky_tumblestone_cluster",
		"tumble": "cobblemon:block/sky_tumblestone_cluster"
	},
	"elements": [
		{
			"from": [9, 0, 9],
			"to": [14, 6, 14],
			"rotation": {"angle": 0, "axis": "y", "origin": [11.5, 3, 11.5]},
			"faces": {
				"north": {"uv": [7, 7, 3, 11], "texture": "#tumble"},
				"east": {"uv": [12, 7, 16, 11], "texture": "#tumble"},
				"south": {"uv": [12, 7, 8, 11], "texture": "#tumble"},
				"west": {"uv": [8, 7, 12, 11], "texture": "#tumble"},
				"up": {"uv": [16, 4, 12, 0], "rotation": 180, "texture": "#tumble"},
				"down": {"uv": [16, 0, 12, 4], "rotation": 180, "texture": "#tumble", "cullface": "down"}
			}
		},
		{
			"from": [7, 0, 2],
			"to": [13, 14, 8],
			"rotation": {"angle": 0, "axis": "y", "origin": [11, 4.5, 5]},
			"faces": {
				"north": {"uv": [7, 5, 3, 16], "texture": "#tumble"},
				"east": {"uv": [4, 5, 0, 16], "texture": "#tumble"},
				"south": {"uv": [7, 5, 3, 16], "texture": "#tumble"},
				"west": {"uv": [4, 5, 0, 16], "texture": "#tumble"},
				"up": {"uv": [4, 4, 0, 0], "rotation": 180, "texture": "#tumble"},
				"down": {"uv": [4, 0, 0, 4], "rotation": 180, "texture": "#tumble", "cullface": "down"}
			}
		},
		{
			"from": [3, 0, 8],
			"to": [8, 10, 13],
			"rotation": {"angle": 0, "axis": "y", "origin": [6.5, 3, 10.5]},
			"faces": {
				"north": {"uv": [10, 7, 13, 13], "texture": "#tumble"},
				"east": {"uv": [10, 6, 7, 12], "texture": "#tumble"},
				"south": {"uv": [10, 7, 13, 13], "texture": "#tumble"},
				"west": {"uv": [10, 6, 7, 12], "texture": "#tumble"},
				"up": {"uv": [16, 4, 12, 0], "rotation": 180, "texture": "#tumble"},
				"down": {"uv": [7, 0, 4, 3], "rotation": 90, "texture": "#tumble", "cullface": "down"}
			}
		},
		{
			"from": [2, 0, 3],
			"to": [5, 4, 6],
			"rotation": {"angle": 0, "axis": "y", "origin": [3.5, 2, 4.5]},
			"faces": {
				"north": {"uv": [11, 12, 14, 16], "texture": "#tumble"},
				"east": {"uv": [16, 12, 12, 16], "texture": "#tumble"},
				"south": {"uv": [12, 11, 15, 8], "rotation": 270, "texture": "#tumble"},
				"west": {"uv": [13, 12, 16, 16], "texture": "#tumble"},
				"up": {"uv": [7, 0, 9, 2], "texture": "#tumble"},
				"down": {"uv": [12, 0, 16, 4], "texture": "#tumble", "cullface": "down"}
			}
		}
	],
	"display": {
		"thirdperson_righthand": {
			"scale": [0.8, 0.8, 0.8]
		},
		"firstperson_righthand": {
			"translation": [1.75, -1.25, 0]
		},
		"firstperson_lefthand": {
			"translation": [1.75, -1.25, 0]
		}
	},
	"groups": [
		{
			"name": "cluster",
			"origin": [3.5, 2, 4.5],
			"color": 0,
			"children": [0, 1, 2, 3]
		}
	]
}