{
	"credit": "Made with Blockbench",
	"parent": "minecraft:block/thin_block",
	"ambientocclusion": false,
	"textures": {
		"particle": "cobblemon:block/black_tumblestone_cluster",
		"tumble": "cobblemon:block/black_tumblestone_cluster"
	},
	"elements": [
		{
			"from": [8, 0, 5],
			"to": [12, 6, 9],
			"rotation": {"angle": 0, "axis": "y", "origin": [12, 4.5, 8]},
			"faces": {
				"north": {"uv": [4, 8, 0, 14], "texture": "#tumble"},
				"east": {"uv": [5, 8, 1, 14], "texture": "#tumble"},
				"south": {"uv": [5, 9, 1, 15], "texture": "#tumble"},
				"west": {"uv": [0, 7, 3, 12], "texture": "#tumble"},
				"up": {"uv": [7, 3, 4, 0], "rotation": 180, "texture": "#tumble"},
				"down": {"uv": [4, 1, 1, 4], "rotation": 180, "texture": "#tumble", "cullface": "down"}
			}
		},
		{
			"from": [4, 0, 8],
			"to": [8, 4, 12],
			"rotation": {"angle": 0, "axis": "y", "origin": [7, 3, 10]},
			"faces": {
				"north": {"uv": [12, 13, 15, 16], "texture": "#tumble"},
				"east": {"uv": [10, 13, 7, 16], "texture": "#tumble"},
				"south": {"uv": [10, 13, 13, 16], "texture": "#tumble"},
				"west": {"uv": [7, 13, 10, 16], "texture": "#tumble"},
				"up": {"uv": [7, 3, 4, 0], "rotation": 180, "texture": "#tumble"},
				"down": {"uv": [7, 0, 4, 3], "rotation": 90, "texture": "#tumble", "cullface": "down"}
			}
		},
		{
			"from": [9, 0, 6],
			"to": [11, 3, 8],
			"rotation": {"angle": 0, "axis": "y", "origin": [11.5, 2, 7.5]},
			"faces": {
				"north": {"uv": [11, 8, 15, 10], "rotation": 270, "texture": "#tumble"},
				"east": {"uv": [7, 10, 11, 8], "rotation": 270, "texture": "#tumble"},
				"south": {"uv": [11, 10, 15, 8], "rotation": 270, "texture": "#tumble"},
				"west": {"uv": [7, 8, 11, 10], "rotation": 270, "texture": "#tumble"},
				"up": {"uv": [1, 2, 3, 4], "texture": "#tumble"},
				"down": {"uv": [12, 0, 16, 4], "texture": "#tumble", "cullface": "down"}
			}
		}
	],
	"display": {
		"thirdperson_righthand": {
			"scale": [0.8, 0.8, 0.8]
		},
		"firstperson_righthand": {
			"translation": [1.75, -1.25, 0]
		},
		"firstperson_lefthand": {
			"translation": [1.75, -1.25, 0]
		}
	},
	"groups": [
		{
			"name": "small",
			"origin": [3.5, 2, 4.5],
			"color": 0,
			"children": [0, 1, 2]
		}
	]
}