{
	"credit": "Made with Blockbench",
	"ambientocclusion": false,
	"textures": {
		"particle": "cobblemon:block/yellow_apricorn_sapling",
		"sapling": "cobblemon:block/yellow_apricorn_sapling"
	},
	"elements": [
		{
			"name": "Leaves",
			"from": [5, 4, 5],
			"to": [11, 6, 11],
			"faces": {
				"north": {"uv": [0, 0, 6, 2], "texture": "#sapling"},
				"east": {"uv": [6, 0, 12, 2], "texture": "#sapling"},
				"south": {"uv": [0, 0, 6, 2], "texture": "#sapling"},
				"west": {"uv": [6, 0, 12, 2], "texture": "#sapling"},
				"up": {"uv": [10, 10, 16, 16], "texture": "#sapling"},
				"down": {"uv": [10, 10, 16, 16], "texture": "#sapling"}
			}
		},
		{
			"name": "Leaves",
			"from": [6, 6.25, 6],
			"to": [10, 8.25, 10],
			"rotation": {"angle": 0, "axis": "y", "origin": [1, 2.25, 1]},
			"faces": {
				"north": {"uv": [0, 0, 4, 2], "texture": "#sapling"},
				"east": {"uv": [5, 0, 9, 2], "texture": "#sapling"},
				"south": {"uv": [0, 0, 4, 2], "texture": "#sapling"},
				"west": {"uv": [6, 0, 10, 2], "texture": "#sapling"},
				"up": {"uv": [11, 11, 15, 15], "texture": "#sapling"},
				"down": {"uv": [15, 15, 16, 16], "texture": "#sapling"}
			}
		},
		{
			"name": "Wood",
			"from": [7, 2, 7],
			"to": [9, 6, 9],
			"faces": {
				"north": {"uv": [13, 0, 15, 4], "texture": "#sapling"},
				"east": {"uv": [14, 0, 16, 4], "texture": "#sapling"},
				"south": {"uv": [13, 0, 15, 4], "texture": "#sapling"},
				"west": {"uv": [14, 0, 16, 4], "texture": "#sapling"},
				"up": {"uv": [12, 0, 13, 1], "texture": "#sapling"},
				"down": {"uv": [12, 0, 13, 1], "texture": "#sapling", "cullface": "down"}
			}
		},
		{
			"name": "CrossLeavesWE",
			"from": [8, 4, 4],
			"to": [8, 10, 12],
			"faces": {
				"east": {"uv": [0, 9, 8, 16], "texture": "#sapling"},
				"west": {"uv": [0, 9, 8, 16], "texture": "#sapling"}
			}
		},
		{
			"name": "CrossLeavesNS",
			"from": [4, 4, 8],
			"to": [12, 10, 8],
			"faces": {
				"north": {"uv": [0, 9, 8, 16], "texture": "#sapling"},
				"south": {"uv": [0, 9, 8, 16], "texture": "#sapling"}
			}
		},
		{
			"from": [5, 0, 5],
			"to": [11, 2, 11],
			"rotation": {"angle": 0, "axis": "y", "origin": [5, 0, 5]},
			"faces": {
				"north": {"uv": [0, 2, 6, 4], "texture": "#sapling"},
				"east": {"uv": [6, 2, 12, 4], "texture": "#sapling"},
				"south": {"uv": [0, 2, 6, 4], "texture": "#sapling"},
				"west": {"uv": [6, 2, 12, 4], "texture": "#sapling"},
				"up": {"uv": [10, 4, 16, 10], "texture": "#sapling"},
				"down": {"uv": [10, 4, 16, 10], "texture": "#sapling"}
			}
		}
	],
	"display": {}
}