{
  "type": "minecraft:flat_cache",
  "argument": {
    "type": "minecraft:cache_2d",
    "argument": {
      "type": "minecraft:spline",
      "spline": {
        "coordinate": "angel_islands:ridges/noise",
        "points": [
          {
            "location": -1,
            "derivative": 1,
            "value": -1
          },
          {
            "location": -0.105,
            "derivative": 0,
            "value": -0.105
          },
          {
            "location": -0.105,
            "derivative": 0,
            "value": 0.105
          },
          {
            "location": 1,
            "derivative": 1,
            "value": 1
          }
        ]
      }
    }
  }
}
