{
    "enabled": true,
    "neededInstalledMods": [],
    "neededUninstalledMods": [],
    "spawns": [
        {
            "id": "dolliv-1",
            "pokemon": "dolliv",
            "type": "pokemon",
            "context": "grounded",
            "bucket": "common",
            "level": "25-34",
            "weight": 4.25,
            "condition": {
                "canSeeSky": true,
                "biomes": [
                    "#cobblemon:is_plains"
                ]
            }
        }
    ]
}